testFilePath,deletedCommit,deletedDate,modifiedCommit,modifiedDate,createdCommit,createdDate
openhtmltopdf-examples/src/test/java/com/openhtmltopdf/nonvisualregressiontests/NonVisualRegressionTest.java,,,8985e5a91dc8e9fecd9cd4c355486f68a568e3cd,Fri Nov 27 22:42:57 2020 +1100,14aef95364684fe3c7b7207bcb1246e5c3af0335,Mon Oct 29 18:14:27 2018 +1100
openhtmltopdf-examples/src/test/java/com/openhtmltopdf/nonvisualregressiontests/NonVisualRegressionTest.java,,,8985e5a91dc8e9fecd9cd4c355486f68a568e3cd,Fri Nov 27 22:42:57 2020 +1100,14aef95364684fe3c7b7207bcb1246e5c3af0335,Mon Oct 29 18:14:27 2018 +1100
openhtmltopdf-examples/src/test/java/com/openhtmltopdf/nonvisualregressiontests/NonVisualRegressionTest.java,,,8985e5a91dc8e9fecd9cd4c355486f68a568e3cd,Fri Nov 27 22:42:57 2020 +1100,14aef95364684fe3c7b7207bcb1246e5c3af0335,Mon Oct 29 18:14:27 2018 +1100
openhtmltopdf-examples/src/test/java/com/openhtmltopdf/nonvisualregressiontests/NonVisualRegressionTest.java,,,8985e5a91dc8e9fecd9cd4c355486f68a568e3cd,Fri Nov 27 22:42:57 2020 +1100,14aef95364684fe3c7b7207bcb1246e5c3af0335,Mon Oct 29 18:14:27 2018 +1100
openhtmltopdf-examples/src/test/java/com/openhtmltopdf/nonvisualregressiontests/NonVisualRegressionTest.java,,,8985e5a91dc8e9fecd9cd4c355486f68a568e3cd,Fri Nov 27 22:42:57 2020 +1100,14aef95364684fe3c7b7207bcb1246e5c3af0335,Mon Oct 29 18:14:27 2018 +1100
openhtmltopdf-examples/src/test/java/com/openhtmltopdf/nonvisualregressiontests/NonVisualRegressionTest.java,,,8985e5a91dc8e9fecd9cd4c355486f68a568e3cd,Fri Nov 27 22:42:57 2020 +1100,14aef95364684fe3c7b7207bcb1246e5c3af0335,Mon Oct 29 18:14:27 2018 +1100
openhtmltopdf-examples/src/test/java/com/openhtmltopdf/nonvisualregressiontests/NonVisualRegressionTest.java,,,8985e5a91dc8e9fecd9cd4c355486f68a568e3cd,Fri Nov 27 22:42:57 2020 +1100,14aef95364684fe3c7b7207bcb1246e5c3af0335,Mon Oct 29 18:14:27 2018 +1100
openhtmltopdf-examples/src/test/java/com/openhtmltopdf/nonvisualregressiontests/NonVisualRegressionTest.java,,,8985e5a91dc8e9fecd9cd4c355486f68a568e3cd,Fri Nov 27 22:42:57 2020 +1100,14aef95364684fe3c7b7207bcb1246e5c3af0335,Mon Oct 29 18:14:27 2018 +1100
openhtmltopdf-examples/src/test/java/com/openhtmltopdf/nonvisualregressiontests/NonVisualRegressionTest.java,,,8985e5a91dc8e9fecd9cd4c355486f68a568e3cd,Fri Nov 27 22:42:57 2020 +1100,14aef95364684fe3c7b7207bcb1246e5c3af0335,Mon Oct 29 18:14:27 2018 +1100
openhtmltopdf-examples/src/test/java/com/openhtmltopdf/nonvisualregressiontests/NonVisualRegressionTest.java,,,8985e5a91dc8e9fecd9cd4c355486f68a568e3cd,Fri Nov 27 22:42:57 2020 +1100,14aef95364684fe3c7b7207bcb1246e5c3af0335,Mon Oct 29 18:14:27 2018 +1100
openhtmltopdf-examples/src/test/java/com/openhtmltopdf/nonvisualregressiontests/NonVisualRegressionTest.java,,,8985e5a91dc8e9fecd9cd4c355486f68a568e3cd,Fri Nov 27 22:42:57 2020 +1100,14aef95364684fe3c7b7207bcb1246e5c3af0335,Mon Oct 29 18:14:27 2018 +1100
openhtmltopdf-examples/src/test/java/com/openhtmltopdf/nonvisualregressiontests/NonVisualRegressionTest.java,,,8985e5a91dc8e9fecd9cd4c355486f68a568e3cd,Fri Nov 27 22:42:57 2020 +1100,14aef95364684fe3c7b7207bcb1246e5c3af0335,Mon Oct 29 18:14:27 2018 +1100
openhtmltopdf-examples/src/test/java/com/openhtmltopdf/nonvisualregressiontests/NonVisualRegressionTest.java,,,8985e5a91dc8e9fecd9cd4c355486f68a568e3cd,Fri Nov 27 22:42:57 2020 +1100,14aef95364684fe3c7b7207bcb1246e5c3af0335,Mon Oct 29 18:14:27 2018 +1100
openhtmltopdf-examples/src/test/java/com/openhtmltopdf/nonvisualregressiontests/NonVisualRegressionTest.java,,,8985e5a91dc8e9fecd9cd4c355486f68a568e3cd,Fri Nov 27 22:42:57 2020 +1100,14aef95364684fe3c7b7207bcb1246e5c3af0335,Mon Oct 29 18:14:27 2018 +1100
openhtmltopdf-examples/src/test/java/com/openhtmltopdf/nonvisualregressiontests/NonVisualRegressionTest.java,,,8985e5a91dc8e9fecd9cd4c355486f68a568e3cd,Fri Nov 27 22:42:57 2020 +1100,14aef95364684fe3c7b7207bcb1246e5c3af0335,Mon Oct 29 18:14:27 2018 +1100
openhtmltopdf-examples/src/test/java/com/openhtmltopdf/nonvisualregressiontests/NonVisualRegressionTest.java,,,8985e5a91dc8e9fecd9cd4c355486f68a568e3cd,Fri Nov 27 22:42:57 2020 +1100,14aef95364684fe3c7b7207bcb1246e5c3af0335,Mon Oct 29 18:14:27 2018 +1100
openhtmltopdf-examples/src/test/java/com/openhtmltopdf/nonvisualregressiontests/NonVisualRegressionTest.java,,,8985e5a91dc8e9fecd9cd4c355486f68a568e3cd,Fri Nov 27 22:42:57 2020 +1100,14aef95364684fe3c7b7207bcb1246e5c3af0335,Mon Oct 29 18:14:27 2018 +1100
openhtmltopdf-examples/src/test/java/com/openhtmltopdf/nonvisualregressiontests/NonVisualRegressionTest.java,,,8985e5a91dc8e9fecd9cd4c355486f68a568e3cd,Fri Nov 27 22:42:57 2020 +1100,14aef95364684fe3c7b7207bcb1246e5c3af0335,Mon Oct 29 18:14:27 2018 +1100
openhtmltopdf-examples/src/test/java/com/openhtmltopdf/nonvisualregressiontests/NonVisualRegressionTest.java,,,8985e5a91dc8e9fecd9cd4c355486f68a568e3cd,Fri Nov 27 22:42:57 2020 +1100,14aef95364684fe3c7b7207bcb1246e5c3af0335,Mon Oct 29 18:14:27 2018 +1100
openhtmltopdf-examples/src/test/java/com/openhtmltopdf/nonvisualregressiontests/NonVisualRegressionTest.java,,,8985e5a91dc8e9fecd9cd4c355486f68a568e3cd,Fri Nov 27 22:42:57 2020 +1100,14aef95364684fe3c7b7207bcb1246e5c3af0335,Mon Oct 29 18:14:27 2018 +1100
openhtmltopdf-examples/src/test/java/com/openhtmltopdf/nonvisualregressiontests/NonVisualRegressionTest.java,,,8985e5a91dc8e9fecd9cd4c355486f68a568e3cd,Fri Nov 27 22:42:57 2020 +1100,14aef95364684fe3c7b7207bcb1246e5c3af0335,Mon Oct 29 18:14:27 2018 +1100
openhtmltopdf-examples/src/test/java/com/openhtmltopdf/nonvisualregressiontests/NonVisualRegressionTest.java,,,8985e5a91dc8e9fecd9cd4c355486f68a568e3cd,Fri Nov 27 22:42:57 2020 +1100,14aef95364684fe3c7b7207bcb1246e5c3af0335,Mon Oct 29 18:14:27 2018 +1100
openhtmltopdf-examples/src/test/java/com/openhtmltopdf/nonvisualregressiontests/NonVisualRegressionTest.java,,,8985e5a91dc8e9fecd9cd4c355486f68a568e3cd,Fri Nov 27 22:42:57 2020 +1100,14aef95364684fe3c7b7207bcb1246e5c3af0335,Mon Oct 29 18:14:27 2018 +1100
openhtmltopdf-examples/src/test/java/com/openhtmltopdf/nonvisualregressiontests/NonVisualRegressionTest.java,,,8985e5a91dc8e9fecd9cd4c355486f68a568e3cd,Fri Nov 27 22:42:57 2020 +1100,14aef95364684fe3c7b7207bcb1246e5c3af0335,Mon Oct 29 18:14:27 2018 +1100
openhtmltopdf-examples/src/test/java/com/openhtmltopdf/nonvisualregressiontests/NonVisualRegressionTest.java,,,8985e5a91dc8e9fecd9cd4c355486f68a568e3cd,Fri Nov 27 22:42:57 2020 +1100,14aef95364684fe3c7b7207bcb1246e5c3af0335,Mon Oct 29 18:14:27 2018 +1100
openhtmltopdf-examples/src/test/java/com/openhtmltopdf/nonvisualregressiontests/NonVisualRegressionTest.java,,,8985e5a91dc8e9fecd9cd4c355486f68a568e3cd,Fri Nov 27 22:42:57 2020 +1100,14aef95364684fe3c7b7207bcb1246e5c3af0335,Mon Oct 29 18:14:27 2018 +1100
openhtmltopdf-examples/src/test/java/com/openhtmltopdf/nonvisualregressiontests/NonVisualRegressionTest.java,,,8985e5a91dc8e9fecd9cd4c355486f68a568e3cd,Fri Nov 27 22:42:57 2020 +1100,14aef95364684fe3c7b7207bcb1246e5c3af0335,Mon Oct 29 18:14:27 2018 +1100
openhtmltopdf-examples/src/test/java/com/openhtmltopdf/nonvisualregressiontests/NonVisualRegressionTest.java,,,8985e5a91dc8e9fecd9cd4c355486f68a568e3cd,Fri Nov 27 22:42:57 2020 +1100,14aef95364684fe3c7b7207bcb1246e5c3af0335,Mon Oct 29 18:14:27 2018 +1100
openhtmltopdf-examples/src/test/java/com/openhtmltopdf/nonvisualregressiontests/NonVisualRegressionTest.java,,,8985e5a91dc8e9fecd9cd4c355486f68a568e3cd,Fri Nov 27 22:42:57 2020 +1100,14aef95364684fe3c7b7207bcb1246e5c3af0335,Mon Oct 29 18:14:27 2018 +1100
openhtmltopdf-examples/src/test/java/com/openhtmltopdf/nonvisualregressiontests/NonVisualRegressionTest.java,,,8985e5a91dc8e9fecd9cd4c355486f68a568e3cd,Fri Nov 27 22:42:57 2020 +1100,14aef95364684fe3c7b7207bcb1246e5c3af0335,Mon Oct 29 18:14:27 2018 +1100
openhtmltopdf-examples/src/test/java/com/openhtmltopdf/nonvisualregressiontests/NonVisualRegressionTest.java,,,8985e5a91dc8e9fecd9cd4c355486f68a568e3cd,Fri Nov 27 22:42:57 2020 +1100,14aef95364684fe3c7b7207bcb1246e5c3af0335,Mon Oct 29 18:14:27 2018 +1100
openhtmltopdf-examples/src/test/java/com/openhtmltopdf/testcases/ConcateOutputTest.java,,,,,1319ded95f803c228a93c481b1966b60f34cde22,Tue May 22 08:48:12 2018 +0200
openhtmltopdf-examples/src/test/java/com/openhtmltopdf/testcases/TestcaseRunnerTest.java,,,,,d70801002845d33a1b8fbd8b640a6d38a024a10f,Sun Apr 8 22:52:44 2018 +0200
openhtmltopdf-examples/src/test/java/com/openhtmltopdf/freemarker/FreeMarkerGeneratorTest.java,,,d945ee49d68802de25cfd424a80699bab4cc2ff0,Fri Apr 6 20:29:34 2018 +0200,304489df2e1ff77cdbaee612f308e3a8942a3687,Thu Jan 4 19:28:31 2018 +0100
src/test/java/com/alibaba/json/bvt/parser/deser/date/DateParseTest9.java,,,18f344afe171a38e027a67df27ba953dd9d318fc,Thu Jun 27 17:53:59 2019 +0800,e9e312e06eb9c0ed4f788670f633b033b80e31c6,Mon Apr 25 20:00:10 2016 +0800
src/test/java/org/apache/commons/collections4/multimap/TransformedMultiValuedMapTest.java,,,4797acefbaf24044f401868743c99362e67d4274,Tue Feb 18 23:07:19 2020 +0000,b0e7365e0cd233ee93d05f620dc141992efdfcdc,Tue Mar 25 22:01:07 2014 +0000
src/test/java/org/apache/commons/collections/map/AbstractTestMap$TestMapEntrySet.java,806c1d78d570c9e260c7a11f63ce07c5f5aa716b,Wed Nov 14 11:36:54 2012 +0000,68768dbe425462f0214f33b0dc7768ee40a34983,Fri Aug 24 19:36:22 2012 +0000,8ffb78ec50a5d3a79dbd0e76c36c50f3263594aa,Thu Mar 8 19:29:25 2012 +0000
core/src/test/java/com/opensymphony/xwork2/validator/AnnotationActionValidatorManagerTest.java,,,273776e13b86ac5f208bdebcec3696370e75a1ab,Tue Apr 7 07:59:11 2020 +0200,31af5842e022c5cb755fd697e08e655765fae981,Wed Jun 17 23:07:59 2015 +0200
core/src/test/java/com/opensymphony/xwork2/validator/AnnotationActionValidatorManagerTest.java,,,273776e13b86ac5f208bdebcec3696370e75a1ab,Tue Apr 7 07:59:11 2020 +0200,31af5842e022c5cb755fd697e08e655765fae981,Wed Jun 17 23:07:59 2015 +0200
dropwizard-configuration/src/test/java/io/dropwizard/configuration/JsonConfigurationFactoryTest.java,,,ccaa05b6d724bbc7aa6c8678f711685f07e10f15,Mon Sep 21 17:10:58 2020 +0200,ec264da8667b8dc5f1aefb003445ed37750444ea,Mon Jan 30 15:09:40 2017 +0100
dropwizard-configuration/src/test/java/io/dropwizard/configuration/YamlConfigurationFactoryTest.java,,,ccaa05b6d724bbc7aa6c8678f711685f07e10f15,Mon Sep 21 17:10:58 2020 +0200,ec264da8667b8dc5f1aefb003445ed37750444ea,Mon Jan 30 15:09:40 2017 +0100
dropwizard-jackson/src/test/java/io/dropwizard/jackson/JacksonTest.java,,,89712d2346c3a08e9a986a4e256ceff6b37a3cb5,Sun Mar 3 09:12:17 2019 +0100,eecffeef56c52d2810bc8ed000bbb995674518ed,Tue Aug 12 22:37:04 2014 +0200
dropwizard-jersey/src/test/java/io/dropwizard/jersey/errors/LoggingExceptionMapperTest.java,,,5fe38854d53448ce55567815ed71e9b0f575e170,Mon Feb 17 11:28:41 2020 +0100,317f2e5cd4237fe5b94f5a525b0e3a3e4bc0667c,Wed Sep 18 15:59:34 2013 -0700
dropwizard-jersey/src/test/java/io/dropwizard/jersey/jackson/JacksonMessageBodyProviderTest.java,,,c231ba37d2603c2909dd6b5d91739c67703ef910,Thu May 14 10:17:26 2020 +0200,317f2e5cd4237fe5b94f5a525b0e3a3e4bc0667c,Wed Sep 18 15:59:34 2013 -0700
dropwizard-json-logging/src/test/java/io/dropwizard/logging/json/layout/JsonFormatterTest.java,,,c231ba37d2603c2909dd6b5d91739c67703ef910,Thu May 14 10:17:26 2020 +0200,6e5c9c5aef82fe7d25097d837854c6d0778f86c7,Fri Jan 5 20:26:40 2018 +0100
dropwizard-json-logging/src/test/java/io/dropwizard/logging/json/layout/JsonFormatterTest.java,,,c231ba37d2603c2909dd6b5d91739c67703ef910,Thu May 14 10:17:26 2020 +0200,6e5c9c5aef82fe7d25097d837854c6d0778f86c7,Fri Jan 5 20:26:40 2018 +0100
dropwizard-views-freemarker/src/test/java/io/dropwizard/views/freemarker/MultipleContentTypeTest.java,,,27e845f35516cdb9da3dff84608513a8dc2c706f,Sun Dec 8 16:37:25 2019 +0100,d0de96ee63c494bb34a49d4cb4c7be255a4fe035,Sun Oct 5 17:21:23 2014 +0200
dropwizard-views-freemarker/src/test/java/io/dropwizard/views/freemarker/MultipleContentTypeTest.java,,,27e845f35516cdb9da3dff84608513a8dc2c706f,Sun Dec 8 16:37:25 2019 +0100,d0de96ee63c494bb34a49d4cb4c7be255a4fe035,Sun Oct 5 17:21:23 2014 +0200
common/src/test/java/com/espertech/esper/common/client/configuration/TestConfiguration.java,,,,,32288a1a90a1e124d65ab6a1f8e926bfc3a77f7f,Mon Oct 22 13:08:31 2018 -0400
common/src/test/java/com/espertech/esper/common/client/configuration/TestConfiguration.java,,,,,32288a1a90a1e124d65ab6a1f8e926bfc3a77f7f,Mon Oct 22 13:08:31 2018 -0400
common/src/test/java/com/espertech/esper/common/client/configuration/TestConfiguration.java,,,,,32288a1a90a1e124d65ab6a1f8e926bfc3a77f7f,Mon Oct 22 13:08:31 2018 -0400
undertow/src/test/java/org/wildfly/extension/undertow/UndertowSubsystemTestCase.java,9a5a1d3224f8dd0b1a26a9a393057c15851c7866,Thu Jun 6 12:21:15 2019 +0200,c844d920a2f865f604fe4f8899043ce7b74ca302,Wed Mar 6 11:22:29 2019 -0800,ce39eda03275b4831bcae7d65172dc531e749b69,Thu May 9 15:37:40 2013 +0200
undertow/src/test/java/org/wildfly/extension/undertow/UndertowSubsystemTestCase.java,9a5a1d3224f8dd0b1a26a9a393057c15851c7866,Thu Jun 6 12:21:15 2019 +0200,c844d920a2f865f604fe4f8899043ce7b74ca302,Wed Mar 6 11:22:29 2019 -0800,ce39eda03275b4831bcae7d65172dc531e749b69,Thu May 9 15:37:40 2013 +0200
undertow/src/test/java/org/wildfly/extension/undertow/UndertowSubsystemTestCase.java,9a5a1d3224f8dd0b1a26a9a393057c15851c7866,Thu Jun 6 12:21:15 2019 +0200,c844d920a2f865f604fe4f8899043ce7b74ca302,Wed Mar 6 11:22:29 2019 -0800,ce39eda03275b4831bcae7d65172dc531e749b69,Thu May 9 15:37:40 2013 +0200
biojava-integrationtest/src/test/java/org/biojava/nbio/structure/test/align/AlignmentToolsTest.java,,,405b005c0ccd53f0900c2f9d168fd052d18281f7,Thu Jan 3 16:02:06 2019 +0100,28f55cb5a7aaebd3ae3d5501774a0ca55801f65e,Thu Jan 29 17:14:03 2015 -0800
biojava-integrationtest/src/test/java/org/biojava/nbio/structure/test/Test1a4w.java,,,405b005c0ccd53f0900c2f9d168fd052d18281f7,Thu Jan 3 16:02:06 2019 +0100,28f55cb5a7aaebd3ae3d5501774a0ca55801f65e,Thu Jan 29 17:14:03 2015 -0800
biojava-integrationtest/src/test/java/org/biojava/nbio/structure/test/scop/ScopTest.java,,,405b005c0ccd53f0900c2f9d168fd052d18281f7,Thu Jan 3 16:02:06 2019 +0100,28f55cb5a7aaebd3ae3d5501774a0ca55801f65e,Thu Jan 29 17:14:03 2015 -0800
biojava-integrationtest/src/test/java/org/biojava/nbio/structure/test/cluster/TestSubunitClustererExamples.java,,,405b005c0ccd53f0900c2f9d168fd052d18281f7,Thu Jan 3 16:02:06 2019 +0100,167750e9ccdc5cf272d8a0d9ab5137dd9eb8088d,Thu Sep 1 16:14:12 2016 +0200
biojava-integrationtest/src/test/java/org/biojava/nbio/structure/test/StructureToolsTest.java,,,405b005c0ccd53f0900c2f9d168fd052d18281f7,Thu Jan 3 16:02:06 2019 +0100,28f55cb5a7aaebd3ae3d5501774a0ca55801f65e,Thu Jan 29 17:14:03 2015 -0800
biojava-integrationtest/src/test/java/org/biojava/nbio/structure/test/symmetry/TestQuatSymmetryDetectorExamples.java,,,245742d522d12440ece32f5c2d665ff81c465e98,Tue Nov 24 14:11:19 2020 -0800,167750e9ccdc5cf272d8a0d9ab5137dd9eb8088d,Thu Sep 1 16:14:12 2016 +0200
