Project,URL,SHA Detected,Module Path,Fully-Qualified Test Name (packageName.ClassName.methodName),Category
activiti,https://github.com/activiti/activiti,b11f757a48600e53aaf3fcb7a3ba1ece6c463cb4,activiti-spring-boot-starter,org.activiti.spring.boot.tasks.TaskRuntimeClaimReleaseTest.aCreateStandaloneTaskForGroup,OD-Vic
activiti,https://github.com/activiti/activiti,b11f757a48600e53aaf3fcb7a3ba1ece6c463cb4,activiti-spring-boot-starter,org.activiti.spring.boot.tasks.TaskRuntimeClaimReleaseTest.bClaimAndRelease,OD-Brit
activiti,https://github.com/activiti/activiti,b11f757a48600e53aaf3fcb7a3ba1ece6c463cb4,activiti-spring-boot-starter,org.activiti.spring.boot.tasks.TaskRuntimeClaimReleaseTest.eCreateStandaloneTaskAndClaimAndReleaseUnAuthorized,OD-Brit
activiti,https://github.com/activiti/activiti,b11f757a48600e53aaf3fcb7a3ba1ece6c463cb4,activiti-spring-boot-starter,org.activiti.spring.boot.tasks.TaskRuntimeClaimReleaseTest.fCreateStandaloneTaskAndClaimAndReleaseUnAuthorized,OD-Brit
activiti,https://github.com/activiti/activiti,b11f757a48600e53aaf3fcb7a3ba1ece6c463cb4,activiti-spring-boot-starter,org.activiti.spring.boot.tasks.TaskRuntimeCompleteTaskTest.aCreateStandaloneTaskAndComplete,OD-Vic
activiti,https://github.com/activiti/activiti,b11f757a48600e53aaf3fcb7a3ba1ece6c463cb4,activiti-spring-boot-starter,org.activiti.spring.boot.tasks.TaskRuntimeCompleteTaskTest.bCreateStandaloneTask,OD-Vic
activiti,https://github.com/activiti/activiti,b11f757a48600e53aaf3fcb7a3ba1ece6c463cb4,activiti-spring-boot-starter,org.activiti.spring.boot.tasks.TaskRuntimeCompleteTaskTest.ctryCompletingWithUnauthorizedUser,OD-Brit
activiti,https://github.com/activiti/activiti,b11f757a48600e53aaf3fcb7a3ba1ece6c463cb4,activiti-spring-boot-starter,org.activiti.spring.boot.tasks.TaskRuntimeDeleteTaskTest.aCreateStandaloneTaskAndDelete,OD-Vic
activiti,https://github.com/activiti/activiti,b11f757a48600e53aaf3fcb7a3ba1ece6c463cb4,activiti-spring-boot-starter,org.activiti.spring.boot.tasks.TaskRuntimeDeleteTaskTest.cCreateStandaloneGroupTaskClaimAndDeleteFail,OD-Vic
activiti,https://github.com/activiti/activiti,b11f757a48600e53aaf3fcb7a3ba1ece6c463cb4,activiti-spring-boot-starter,org.activiti.spring.boot.tasks.TaskRuntimeDeleteTaskTest.dClaimTaskCreatedForGroup,OD-Brit
activiti,https://github.com/activiti/activiti,b11f757a48600e53aaf3fcb7a3ba1ece6c463cb4,activiti-spring-boot-starter,org.activiti.spring.boot.tasks.TaskRuntimeDeleteTaskTest.eClaimTaskCreatedForGroup,OD-Brit
activiti,https://github.com/activiti/activiti,b11f757a48600e53aaf3fcb7a3ba1ece6c463cb4,activiti-spring-boot-starter,org.activiti.spring.boot.tasks.TaskRuntimeStandaloneTaskTest.aCreateStandaloneTaskForSalaboy,OD-Vic
activiti,https://github.com/activiti/activiti,b11f757a48600e53aaf3fcb7a3ba1ece6c463cb4,activiti-spring-boot-starter,org.activiti.spring.boot.tasks.TaskRuntimeStandaloneTaskTest.bCreateStandaloneTaskForGroup,OD-Vic
activiti,https://github.com/activiti/activiti,b11f757a48600e53aaf3fcb7a3ba1ece6c463cb4,activiti-spring-boot-starter,org.activiti.spring.boot.tasks.TaskRuntimeTaskAssigneeTest.aCreateStandaloneTaskForAnotherAssignee,OD-Vic
activiti,https://github.com/activiti/activiti,b11f757a48600e53aaf3fcb7a3ba1ece6c463cb4,activiti-spring-boot-starter,org.activiti.spring.boot.tasks.TaskRuntimeTaskAssigneeTest.bCreateCheckTaskCreatedForSalaboyFromAnotherUser,OD-Brit
activiti,https://github.com/activiti/activiti,b11f757a48600e53aaf3fcb7a3ba1ece6c463cb4,activiti-spring-boot-starter,org.activiti.spring.boot.tasks.TaskRuntimeTaskAssigneeTest.cCreateStandaloneTaskForGroupAndClaim,OD-Vic
activiti,https://github.com/activiti/activiti,b11f757a48600e53aaf3fcb7a3ba1ece6c463cb4,activiti-spring-boot-starter,org.activiti.spring.boot.tasks.TaskRuntimeTaskForOtherTest.aCreateStandaloneTaskWithNoCandidates,OD-Vic
activiti,https://github.com/activiti/activiti,b11f757a48600e53aaf3fcb7a3ba1ece6c463cb4,activiti-spring-boot-starter,org.activiti.spring.boot.tasks.TaskRuntimeTaskForOtherTest.bCheckThatTaskIsNotVisibleForNonCandidateUsers,OD-Vic
activiti,https://github.com/activiti/activiti,b11f757a48600e53aaf3fcb7a3ba1ece6c463cb4,activiti-spring-boot-starter,org.activiti.spring.boot.tasks.TaskRuntimeUnAuthorizedTest.aCreateStandaloneTaskForGroup,OD-Vic
activiti,https://github.com/activiti/activiti,b11f757a48600e53aaf3fcb7a3ba1ece6c463cb4,activiti-spring-boot-starter,org.activiti.spring.boot.tasks.TaskRuntimeUnAuthorizedTest.bClaimNotFoundBecauseYouAreNotACandidate,OD-Brit
fastjson,https://github.com/alibaba/fastjson,e05e9c5e4be580691cc55a59f3256595393203a1,.,com.alibaba.json.bvt.bug.Issue_717.test_for_issue,OD
fastjson,https://github.com/alibaba/fastjson,e05e9c5e4be580691cc55a59f3256595393203a1,.,com.alibaba.json.bvt.issue_1700.Issue1769.test_for_issue,OD
fastjson,https://github.com/alibaba/fastjson,e05e9c5e4be580691cc55a59f3256595393203a1,.,com.alibaba.json.bvt.parser.deser.date.DateParseTest9.test_dates_different_timeZones,ID
fastjson,https://github.com/alibaba/fastjson,e05e9c5e4be580691cc55a59f3256595393203a1,.,com.alibaba.json.bvt.serializer.JSONFieldTest5.test_jsonField,OD
commons-collections,https://github.com/apache/commons-collections,14ff6fae576085767045bff074c35f2b0220b317,.,org.apache.commons.collections4.multimap.TransformedMultiValuedMapTest.testMultiValuedMapIterator,ID
commons-collections,https://github.com/apache/commons-collections,14ff6fae576085767045bff074c35f2b0220b317,.,org.apache.commons.collections.map.AbstractTestMap$TestMapEntrySet.testCollectionToArray2,ID
commons-math,https://github.com/apache/commons-math,43b77ffabba8a48144080674973362150cbcfb28,.,org.apache.commons.math4.ml.neuralnet.sofm.KohonenUpdateActionTest.testUpdate,ID
hadoop,https://github.com/apache/hadoop,cc2babc1f75c93bf89a8f10da525f944c15d02ea,hadoop-hdfs-project/hadoop-hdfs-httpfs,org.apache.hadoop.fs.http.server.TestHttpFSServer.instrumentation,OD
hadoop,https://github.com/apache/hadoop,cc2babc1f75c93bf89a8f10da525f944c15d02ea,hadoop-hdfs-project/hadoop-hdfs-httpfs,org.apache.hadoop.fs.http.server.TestHttpFSServer.testCreateFileWithUnmaskedPermissions,OD
hadoop,https://github.com/apache/hadoop,cc2babc1f75c93bf89a8f10da525f944c15d02ea,hadoop-hdfs-project/hadoop-hdfs-httpfs,org.apache.hadoop.fs.http.server.TestHttpFSServer.testCreateSnapshotNoSnapshotName,OD
hadoop,https://github.com/apache/hadoop,cc2babc1f75c93bf89a8f10da525f944c15d02ea,hadoop-hdfs-project/hadoop-hdfs-httpfs,org.apache.hadoop.fs.http.server.TestHttpFSServer.testDelegationTokenOperations,OD
hadoop,https://github.com/apache/hadoop,cc2babc1f75c93bf89a8f10da525f944c15d02ea,hadoop-hdfs-project/hadoop-hdfs-httpfs,org.apache.hadoop.fs.http.server.TestHttpFSServer.testDeleteSnapshot,OD
hadoop,https://github.com/apache/hadoop,cc2babc1f75c93bf89a8f10da525f944c15d02ea,hadoop-hdfs-project/hadoop-hdfs-httpfs,org.apache.hadoop.fs.http.server.TestHttpFSServer.testFileAcls,OD
hadoop,https://github.com/apache/hadoop,cc2babc1f75c93bf89a8f10da525f944c15d02ea,hadoop-hdfs-project/hadoop-hdfs-httpfs,org.apache.hadoop.fs.http.server.TestHttpFSServer.testGetSnapshotDiff,OD
hadoop,https://github.com/apache/hadoop,cc2babc1f75c93bf89a8f10da525f944c15d02ea,hadoop-hdfs-project/hadoop-hdfs-httpfs,org.apache.hadoop.fs.http.server.TestHttpFSServer.testGetTrashRoot,OD
hadoop,https://github.com/apache/hadoop,cc2babc1f75c93bf89a8f10da525f944c15d02ea,hadoop-hdfs-project/hadoop-hdfs-httpfs,org.apache.hadoop.fs.http.server.TestHttpFSServer.testMkdirWithUnmaskedPermissions,OD
hadoop,https://github.com/apache/hadoop,cc2babc1f75c93bf89a8f10da525f944c15d02ea,hadoop-hdfs-project/hadoop-hdfs-httpfs,org.apache.hadoop.fs.http.server.TestHttpFSServer.testOpenOffsetLength,OD
hadoop,https://github.com/apache/hadoop,cc2babc1f75c93bf89a8f10da525f944c15d02ea,hadoop-hdfs-project/hadoop-hdfs-httpfs,org.apache.hadoop.fs.http.server.TestHttpFSServer.testPerms,OD
hadoop,https://github.com/apache/hadoop,cc2babc1f75c93bf89a8f10da525f944c15d02ea,hadoop-hdfs-project/hadoop-hdfs-httpfs,org.apache.hadoop.fs.http.server.TestHttpFSServer.testRenameSnapshot,OD
hadoop,https://github.com/apache/hadoop,cc2babc1f75c93bf89a8f10da525f944c15d02ea,hadoop-hdfs-project/hadoop-hdfs-httpfs,org.apache.hadoop.fs.http.server.TestHttpFSServer.testXAttrs,OD
hadoop,https://github.com/apache/hadoop,cc2babc1f75c93bf89a8f10da525f944c15d02ea,hadoop-hdfs-project/hadoop-hdfs-httpfs,org.apache.hadoop.fs.http.server.TestHttpFSServerNoACLs.testWithNoAcls,OD
hadoop,https://github.com/apache/hadoop,cc2babc1f75c93bf89a8f10da525f944c15d02ea,hadoop-hdfs-project/hadoop-hdfs-httpfs,org.apache.hadoop.fs.http.server.TestHttpFSServerNoXAttrs.testWithXAttrs,OD
hadoop,https://github.com/apache/hadoop,cc2babc1f75c93bf89a8f10da525f944c15d02ea,hadoop-hdfs-project/hadoop-hdfs-nfs,org.apache.hadoop.hdfs.nfs.nfs3.TestExportsTable.testViewFsMultipleExportPoint,ID
hadoop,https://github.com/apache/hadoop,cc2babc1f75c93bf89a8f10da525f944c15d02ea,hadoop-mapreduce-project/hadoop-mapreduce-client/hadoop-mapreduce-client-jobclient,org.apache.hadoop.hdfs.TestNNBench.testNNBenchCreateReadAndDelete,ID
hadoop,https://github.com/apache/hadoop,cc2babc1f75c93bf89a8f10da525f944c15d02ea,hadoop-hdfs-project/hadoop-hdfs-httpfs,org.apache.hadoop.lib.service.hadoop.TestFileSystemAccessService.createFileSystem,OD
hadoop,https://github.com/apache/hadoop,cc2babc1f75c93bf89a8f10da525f944c15d02ea,hadoop-mapreduce-project/hadoop-mapreduce-client/hadoop-mapreduce-client-jobclient,org.apache.hadoop.mapred.jobcontrol.TestJobControl.testJobControl,ID
hadoop,https://github.com/apache/hadoop,cc2babc1f75c93bf89a8f10da525f944c15d02ea,hadoop-mapreduce-project/hadoop-mapreduce-client/hadoop-mapreduce-client-core,org.apache.hadoop.mapred.TestJobEndNotifier.testNotificationTimeout,ID
hadoop,https://github.com/apache/hadoop,cc2babc1f75c93bf89a8f10da525f944c15d02ea,hadoop-mapreduce-project/hadoop-mapreduce-client/hadoop-mapreduce-client-jobclient,org.apache.hadoop.mapred.TestLocalMRNotification.testMR,ID
hadoop,https://github.com/apache/hadoop,cc2babc1f75c93bf89a8f10da525f944c15d02ea,hadoop-mapreduce-project/hadoop-mapreduce-client/hadoop-mapreduce-client-core,org.apache.hadoop.mapreduce.jobhistory.TestHistoryViewerPrinter.testHumanPrinterAll,ID
hadoop,https://github.com/apache/hadoop,cc2babc1f75c93bf89a8f10da525f944c15d02ea,hadoop-mapreduce-project/hadoop-mapreduce-client/hadoop-mapreduce-client-jobclient,org.apache.hadoop.mapreduce.lib.input.TestCombineFileInputFormat.testSplitPlacement,ID
hadoop,https://github.com/apache/hadoop,cc2babc1f75c93bf89a8f10da525f944c15d02ea,hadoop-mapreduce-project/hadoop-mapreduce-client/hadoop-mapreduce-client-jobclient,org.apache.hadoop.mapreduce.lib.input.TestCombineFileInputFormat.testSplitPlacementForCompressedFiles,ID
hadoop,https://github.com/apache/hadoop,cc2babc1f75c93bf89a8f10da525f944c15d02ea,hadoop-mapreduce-project/hadoop-mapreduce-client/hadoop-mapreduce-client-jobclient,org.apache.hadoop.mapreduce.lib.jobcontrol.TestMapReduceJobControl.testControlledJob,ID
hadoop,https://github.com/apache/hadoop,cc2babc1f75c93bf89a8f10da525f944c15d02ea,hadoop-mapreduce-project/hadoop-mapreduce-client/hadoop-mapreduce-client-core,org.apache.hadoop.mapreduce.task.reduce.TestFetcher.testCopyFromHostWithRetryUnreserve,ID
hadoop,https://github.com/apache/hadoop,cc2babc1f75c93bf89a8f10da525f944c15d02ea,hadoop-mapreduce-project/hadoop-mapreduce-client/hadoop-mapreduce-client-app,org.apache.hadoop.mapreduce.v2.app.launcher.TestContainerLauncher.testSlowNM,ID
hadoop,https://github.com/apache/hadoop,cc2babc1f75c93bf89a8f10da525f944c15d02ea,hadoop-mapreduce-project/hadoop-mapreduce-client/hadoop-mapreduce-client-app,org.apache.hadoop.mapreduce.v2.app.webapp.TestAMWebServicesJobs.testJobIdXML,ID
hadoop,https://github.com/apache/hadoop,cc2babc1f75c93bf89a8f10da525f944c15d02ea,hadoop-mapreduce-project/hadoop-mapreduce-client/hadoop-mapreduce-client-app,org.apache.hadoop.mapreduce.v2.app.webapp.TestAMWebServicesJobs.testJobsXML,ID
hadoop,https://github.com/apache/hadoop,cc2babc1f75c93bf89a8f10da525f944c15d02ea,hadoop-mapreduce-project/hadoop-mapreduce-client/hadoop-mapreduce-client-hs,org.apache.hadoop.mapreduce.v2.hs.webapp.TestHsWebServicesJobs.testJobIdXML,ID
hadoop,https://github.com/apache/hadoop,cc2babc1f75c93bf89a8f10da525f944c15d02ea,hadoop-mapreduce-project/hadoop-mapreduce-client/hadoop-mapreduce-client-jobclient,org.apache.hadoop.mapreduce.v2.TestSpeculativeExecutionWithMRApp.testSepculateSuccessfulWithUpdateEvents,ID
hadoop,https://github.com/apache/hadoop,cc2babc1f75c93bf89a8f10da525f944c15d02ea,hadoop-yarn-project/hadoop-yarn/hadoop-yarn-registry,org.apache.hadoop.registry.client.binding.TestRegistryOperationUtils.testUsernameExtractionEnvVarOverrride,OD
hadoop,https://github.com/apache/hadoop,cc2babc1f75c93bf89a8f10da525f944c15d02ea,hadoop-yarn-project/hadoop-yarn/hadoop-yarn-registry,org.apache.hadoop.registry.secure.TestSecureLogins.testKerberosRulesValid,OD
hadoop,https://github.com/apache/hadoop,cc2babc1f75c93bf89a8f10da525f944c15d02ea,hadoop-tools/hadoop-resourceestimator,org.apache.hadoop.resourceestimator.service.TestResourceEstimatorService.testGetPrediction,ID
hadoop,https://github.com/apache/hadoop,cc2babc1f75c93bf89a8f10da525f944c15d02ea,hadoop-common-project/hadoop-auth,org.apache.hadoop.security.authentication.util.TestKerberosName.testRules,OD-Vic
hadoop,https://github.com/apache/hadoop,cc2babc1f75c93bf89a8f10da525f944c15d02ea,hadoop-hdfs-project/hadoop-hdfs-httpfs,org.apache.hadoop.test.TestHFSTestCase.testHadoopFileSystem,OD
hadoop,https://github.com/apache/hadoop,cc2babc1f75c93bf89a8f10da525f944c15d02ea,hadoop-hdfs-project/hadoop-hdfs-httpfs,org.apache.hadoop.test.TestHFSTestCase.waitFor,ID
hadoop,https://github.com/apache/hadoop,cc2babc1f75c93bf89a8f10da525f944c15d02ea,hadoop-hdfs-project/hadoop-hdfs-httpfs,org.apache.hadoop.test.TestHFSTestCase.waitForTimeOutRatio1,ID
hadoop,https://github.com/apache/hadoop,cc2babc1f75c93bf89a8f10da525f944c15d02ea,hadoop-hdfs-project/hadoop-hdfs-httpfs,org.apache.hadoop.test.TestHTestCase.waitForTimeOutRatio1,ID
hadoop,https://github.com/apache/hadoop,cc2babc1f75c93bf89a8f10da525f944c15d02ea,hadoop-hdfs-project/hadoop-hdfs-httpfs,org.apache.hadoop.test.TestHTestCase.waitForTimeOutRatio2,ID
hadoop,https://github.com/apache/hadoop,cc2babc1f75c93bf89a8f10da525f944c15d02ea,hadoop-tools/hadoop-distcp,org.apache.hadoop.tools.TestDistCpSystem.testChunkCopyOneFile,ID
hadoop,https://github.com/apache/hadoop,cc2babc1f75c93bf89a8f10da525f944c15d02ea,hadoop-tools/hadoop-distcp,org.apache.hadoop.tools.TestDistCpSystem.testDistcpLargeFile,ID
hadoop,https://github.com/apache/hadoop,cc2babc1f75c93bf89a8f10da525f944c15d02ea,hadoop-tools/hadoop-distcp,org.apache.hadoop.tools.TestDistCpSystem.testPreserveUseNonEmptyDir,ID
hadoop,https://github.com/apache/hadoop,cc2babc1f75c93bf89a8f10da525f944c15d02ea,hadoop-tools/hadoop-distcp,org.apache.hadoop.tools.TestDistCpSystem.testPreserveUserSingleFile,ID
hadoop,https://github.com/apache/hadoop,cc2babc1f75c93bf89a8f10da525f944c15d02ea,hadoop-tools/hadoop-distcp,org.apache.hadoop.tools.TestDistCpSystem.testRecursiveChunkCopy,ID
hadoop,https://github.com/apache/hadoop,cc2babc1f75c93bf89a8f10da525f944c15d02ea,hadoop-tools/hadoop-distcp,org.apache.hadoop.tools.util.TestThrottledInputStream.testRead,ID
hadoop,https://github.com/apache/hadoop,cc2babc1f75c93bf89a8f10da525f944c15d02ea,hadoop-yarn-project/hadoop-yarn/hadoop-yarn-server/hadoop-yarn-server-timeline-pluginstorage,org.apache.hadoop.yarn.server.timeline.TestEntityGroupFSTimelineStore.testSummaryRead,OD
hadoop,https://github.com/apache/hadoop,cc2babc1f75c93bf89a8f10da525f944c15d02ea,hadoop-yarn-project/hadoop-yarn/hadoop-yarn-server/hadoop-yarn-server-timeline-pluginstorage,org.apache.hadoop.yarn.server.timeline.TestLogInfo.testMatchesGroupId,OD
hadoop,https://github.com/apache/hadoop,cc2babc1f75c93bf89a8f10da525f944c15d02ea,hadoop-yarn-project/hadoop-yarn/hadoop-yarn-server/hadoop-yarn-server-timeline-pluginstorage,org.apache.hadoop.yarn.server.timeline.TestLogInfo.testParseDomain,OD
hadoop,https://github.com/apache/hadoop,cc2babc1f75c93bf89a8f10da525f944c15d02ea,hadoop-yarn-project/hadoop-yarn/hadoop-yarn-server/hadoop-yarn-server-timelineservice,org.apache.hadoop.yarn.server.timelineservice.reader.TestTimelineReaderWebServices.testAbout,OD
hadoop,https://github.com/apache/hadoop,cc2babc1f75c93bf89a8f10da525f944c15d02ea,hadoop-yarn-project/hadoop-yarn/hadoop-yarn-server/hadoop-yarn-server-timelineservice,org.apache.hadoop.yarn.server.timelineservice.reader.TestTimelineReaderWebServices.testGetAppAttempt,OD
hadoop,https://github.com/apache/hadoop,cc2babc1f75c93bf89a8f10da525f944c15d02ea,hadoop-yarn-project/hadoop-yarn/hadoop-yarn-server/hadoop-yarn-server-timelineservice,org.apache.hadoop.yarn.server.timelineservice.reader.TestTimelineReaderWebServices.testGetAppAttempts,OD
hadoop,https://github.com/apache/hadoop,cc2babc1f75c93bf89a8f10da525f944c15d02ea,hadoop-yarn-project/hadoop-yarn/hadoop-yarn-server/hadoop-yarn-server-timelineservice,org.apache.hadoop.yarn.server.timelineservice.reader.TestTimelineReaderWebServices.testGetContainer,OD
hadoop,https://github.com/apache/hadoop,cc2babc1f75c93bf89a8f10da525f944c15d02ea,hadoop-yarn-project/hadoop-yarn/hadoop-yarn-server/hadoop-yarn-server-timelineservice,org.apache.hadoop.yarn.server.timelineservice.reader.TestTimelineReaderWebServices.testGetContainers,OD
hadoop,https://github.com/apache/hadoop,cc2babc1f75c93bf89a8f10da525f944c15d02ea,hadoop-yarn-project/hadoop-yarn/hadoop-yarn-server/hadoop-yarn-server-timelineservice,org.apache.hadoop.yarn.server.timelineservice.reader.TestTimelineReaderWebServices.testGetEntities,OD
hadoop,https://github.com/apache/hadoop,cc2babc1f75c93bf89a8f10da525f944c15d02ea,hadoop-yarn-project/hadoop-yarn/hadoop-yarn-server/hadoop-yarn-server-timelineservice,org.apache.hadoop.yarn.server.timelineservice.reader.TestTimelineReaderWebServices.testGetEntitiesBasedOnCreatedTime,OD
hadoop,https://github.com/apache/hadoop,cc2babc1f75c93bf89a8f10da525f944c15d02ea,hadoop-yarn-project/hadoop-yarn/hadoop-yarn-server/hadoop-yarn-server-timelineservice,org.apache.hadoop.yarn.server.timelineservice.reader.TestTimelineReaderWebServices.testGetEntitiesByConfigFilters,OD
hadoop,https://github.com/apache/hadoop,cc2babc1f75c93bf89a8f10da525f944c15d02ea,hadoop-yarn-project/hadoop-yarn/hadoop-yarn-server/hadoop-yarn-server-timelineservice,org.apache.hadoop.yarn.server.timelineservice.reader.TestTimelineReaderWebServices.testGetEntitiesByEventFilters,OD
hadoop,https://github.com/apache/hadoop,cc2babc1f75c93bf89a8f10da525f944c15d02ea,hadoop-yarn-project/hadoop-yarn/hadoop-yarn-server/hadoop-yarn-server-timelineservice,org.apache.hadoop.yarn.server.timelineservice.reader.TestTimelineReaderWebServices.testGetEntitiesByInfoFilters,OD
hadoop,https://github.com/apache/hadoop,cc2babc1f75c93bf89a8f10da525f944c15d02ea,hadoop-yarn-project/hadoop-yarn/hadoop-yarn-server/hadoop-yarn-server-timelineservice,org.apache.hadoop.yarn.server.timelineservice.reader.TestTimelineReaderWebServices.testGetEntitiesByMetricFilters,OD
hadoop,https://github.com/apache/hadoop,cc2babc1f75c93bf89a8f10da525f944c15d02ea,hadoop-yarn-project/hadoop-yarn/hadoop-yarn-server/hadoop-yarn-server-timelineservice,org.apache.hadoop.yarn.server.timelineservice.reader.TestTimelineReaderWebServices.testGetEntitiesByRelations,OD
hadoop,https://github.com/apache/hadoop,cc2babc1f75c93bf89a8f10da525f944c15d02ea,hadoop-yarn-project/hadoop-yarn/hadoop-yarn-server/hadoop-yarn-server-timelineservice,org.apache.hadoop.yarn.server.timelineservice.reader.TestTimelineReaderWebServices.testGetEntitiesNoMatch,OD
hadoop,https://github.com/apache/hadoop,cc2babc1f75c93bf89a8f10da525f944c15d02ea,hadoop-yarn-project/hadoop-yarn/hadoop-yarn-server/hadoop-yarn-server-timelineservice,org.apache.hadoop.yarn.server.timelineservice.reader.TestTimelineReaderWebServices.testGetEntitiesWithLimit,OD
hadoop,https://github.com/apache/hadoop,cc2babc1f75c93bf89a8f10da525f944c15d02ea,hadoop-yarn-project/hadoop-yarn/hadoop-yarn-server/hadoop-yarn-server-timelineservice,org.apache.hadoop.yarn.server.timelineservice.reader.TestTimelineReaderWebServices.testGetEntityAllFields,OD
hadoop,https://github.com/apache/hadoop,cc2babc1f75c93bf89a8f10da525f944c15d02ea,hadoop-yarn-project/hadoop-yarn/hadoop-yarn-server/hadoop-yarn-server-timelineservice,org.apache.hadoop.yarn.server.timelineservice.reader.TestTimelineReaderWebServices.testGetEntityCustomFields,OD
hadoop,https://github.com/apache/hadoop,cc2babc1f75c93bf89a8f10da525f944c15d02ea,hadoop-yarn-project/hadoop-yarn/hadoop-yarn-server/hadoop-yarn-server-timelineservice,org.apache.hadoop.yarn.server.timelineservice.reader.TestTimelineReaderWebServices.testGetEntityNotPresent,OD
hadoop,https://github.com/apache/hadoop,cc2babc1f75c93bf89a8f10da525f944c15d02ea,hadoop-yarn-project/hadoop-yarn/hadoop-yarn-server/hadoop-yarn-server-timelineservice,org.apache.hadoop.yarn.server.timelineservice.reader.TestTimelineReaderWebServices.testGetEntityWithUserAndFlowInfo,OD
hadoop,https://github.com/apache/hadoop,cc2babc1f75c93bf89a8f10da525f944c15d02ea,hadoop-yarn-project/hadoop-yarn/hadoop-yarn-server/hadoop-yarn-server-timelineservice,org.apache.hadoop.yarn.server.timelineservice.reader.TestTimelineReaderWebServices.testInvalidValuesHandling,OD
hadoop,https://github.com/apache/hadoop,cc2babc1f75c93bf89a8f10da525f944c15d02ea,hadoop-yarn-project/hadoop-yarn/hadoop-yarn-server/hadoop-yarn-server-timelineservice,org.apache.hadoop.yarn.server.timelineservice.reader.TestTimelineReaderWebServices.testQueryWithoutCluster,OD
hadoop,https://github.com/apache/hadoop,cc2babc1f75c93bf89a8f10da525f944c15d02ea,hadoop-yarn-project/hadoop-yarn/hadoop-yarn-server/hadoop-yarn-server-timelineservice,org.apache.hadoop.yarn.server.timelineservice.reader.TestTimelineReaderWebServicesBasicAcl.testTimelineReaderManagerAclsWhenDisabled,OD
hadoop,https://github.com/apache/hadoop,cc2babc1f75c93bf89a8f10da525f944c15d02ea,hadoop-yarn-project/hadoop-yarn/hadoop-yarn-server/hadoop-yarn-server-timelineservice,org.apache.hadoop.yarn.server.timelineservice.reader.TestTimelineReaderWebServicesBasicAcl.testTimelineReaderManagerAclsWhenEnabled,OD
hadoop,https://github.com/apache/hadoop,cc2babc1f75c93bf89a8f10da525f944c15d02ea,hadoop-yarn-project/hadoop-yarn/hadoop-yarn-server/hadoop-yarn-server-timelineservice-hbase-tests,org.apache.hadoop.yarn.server.timelineservice.storage.flow.TestHBaseStorageFlowRunCompaction.testWriteScanBatchLimit,OD
hadoop,https://github.com/apache/hadoop,cc2babc1f75c93bf89a8f10da525f944c15d02ea,hadoop-yarn-project/hadoop-yarn/hadoop-yarn-server/hadoop-yarn-server-timelineservice-hbase-tests,org.apache.hadoop.yarn.server.timelineservice.storage.TestHBaseTimelineStorageEntities.testWriteEntityToHBase,OD
hbase,https://github.com/apache/hbase,801fc05e9c082ab12c7c1207087d3667ab162d1a,hbase-server,org.apache.hadoop.hbase.master.TestCatalogJanitor.testParentCleanedEvenIfDaughterGoneFirst,ID
hbase,https://github.com/apache/hbase,881c92b892844be567d5f26b161a820ebf319f84,hbase-zookeeper,org.apache.hadoop.hbase.zookeeper.TestRecoverableZooKeeper.testSetDataVersionMismatchInLoop,OD
hbase,https://github.com/apache/hbase,881c92b892844be567d5f26b161a820ebf319f84,hbase-zookeeper,org.apache.hadoop.hbase.zookeeper.TestZKNodeTracker.testInterruptible,OD
hbase,https://github.com/apache/hbase,881c92b892844be567d5f26b161a820ebf319f84,hbase-zookeeper,org.apache.hadoop.hbase.zookeeper.TestReadOnlyZKClient.testSessionExpire,OD
hbase,https://github.com/apache/hbase,881c92b892844be567d5f26b161a820ebf319f84,hbase-zookeeper,org.apache.hadoop.hbase.zookeeper.TestReadOnlyZKClient.testNotCloseZkWhenPending,OD
hbase,https://github.com/apache/hbase,881c92b892844be567d5f26b161a820ebf319f84,hbase-zookeeper,org.apache.hadoop.hbase.zookeeper.TestReadOnlyZKClient.testRead,OD
hbase,https://github.com/apache/hbase,881c92b892844be567d5f26b161a820ebf319f84,hbase-zookeeper,org.apache.hadoop.hbase.zookeeper.TestZKLeaderManager.testLeaderSelection,OD
hbase,https://github.com/apache/hbase,881c92b892844be567d5f26b161a820ebf319f84,hbase-zookeeper,org.apache.hadoop.hbase.zookeeper.TestZKNodeTracker.testNodeTracker,OD
hbase,https://github.com/apache/hbase,881c92b892844be567d5f26b161a820ebf319f84,hbase-zookeeper,org.apache.hadoop.hbase.zookeeper.TestZKNodeTracker.testCleanZNode,OD
hbase,https://github.com/apache/hbase,881c92b892844be567d5f26b161a820ebf319f84,hbase-zookeeper,org.apache.hadoop.hbase.zookeeper.TestZKUtil.testCreateSilentIsReallySilent,OD
hbase,https://github.com/apache/hbase,881c92b892844be567d5f26b161a820ebf319f84,hbase-zookeeper,org.apache.hadoop.hbase.zookeeper.TestZKUtil.testZNodeDeletes,OD
hbase,https://github.com/apache/hbase,881c92b892844be567d5f26b161a820ebf319f84,hbase-zookeeper,org.apache.hadoop.hbase.zookeeper.TestZKUtil.testGetChildDataAndWatchForNewChildrenShouldNotThrowNPE,OD
hbase,https://github.com/apache/hbase,881c92b892844be567d5f26b161a820ebf319f84,hbase-zookeeper,org.apache.hadoop.hbase.zookeeper.TestInstancePending.test,OD
hbase,https://github.com/apache/hbase,881c92b892844be567d5f26b161a820ebf319f84,hbase-zookeeper,org.apache.hadoop.hbase.zookeeper.TestZKMainServer.testCommandLineWorks,OD
hbase,https://github.com/apache/hbase,881c92b892844be567d5f26b161a820ebf319f84,hbase-zookeeper,org.apache.hadoop.hbase.zookeeper.TestZKUtil.testSetDataWithVersion,OD
hbase,https://github.com/apache/hbase,881c92b892844be567d5f26b161a820ebf319f84,hbase-zookeeper,org.apache.hadoop.hbase.zookeeper.TestZKMulti.testDeleteChildrenRecursivelyMultiOrSequential,OD
hbase,https://github.com/apache/hbase,881c92b892844be567d5f26b161a820ebf319f84,hbase-zookeeper,org.apache.hadoop.hbase.zookeeper.TestZKMulti.testSingleFailure,OD
hbase,https://github.com/apache/hbase,881c92b892844be567d5f26b161a820ebf319f84,hbase-zookeeper,org.apache.hadoop.hbase.zookeeper.TestZKMulti.testMultiFailure,OD
hbase,https://github.com/apache/hbase,881c92b892844be567d5f26b161a820ebf319f84,hbase-zookeeper,org.apache.hadoop.hbase.zookeeper.TestZKMulti.testSingleFailureInMulti,OD
hbase,https://github.com/apache/hbase,881c92b892844be567d5f26b161a820ebf319f84,hbase-zookeeper,org.apache.hadoop.hbase.zookeeper.TestZKMulti.testRunSequentialOnMultiFailure,OD
hbase,https://github.com/apache/hbase,881c92b892844be567d5f26b161a820ebf319f84,hbase-zookeeper,org.apache.hadoop.hbase.zookeeper.TestZKMulti.testDeleteNodeRecursivelyMulti,OD
hbase,https://github.com/apache/hbase,881c92b892844be567d5f26b161a820ebf319f84,hbase-zookeeper,org.apache.hadoop.hbase.zookeeper.TestZKMulti.testdeleteChildrenRecursivelyMulti,OD
hbase,https://github.com/apache/hbase,881c92b892844be567d5f26b161a820ebf319f84,hbase-zookeeper,org.apache.hadoop.hbase.zookeeper.TestZKMulti.testDeleteNodeRecursivelyMultiOrSequential,OD
hbase,https://github.com/apache/hbase,881c92b892844be567d5f26b161a820ebf319f84,hbase-zookeeper,org.apache.hadoop.hbase.zookeeper.TestZKMulti.testComplexMulti,OD
hbase,https://github.com/apache/hbase,881c92b892844be567d5f26b161a820ebf319f84,hbase-zookeeper,org.apache.hadoop.hbase.zookeeper.TestZKMulti.testSimpleMulti,OD
hbase,https://github.com/apache/hbase,881c92b892844be567d5f26b161a820ebf319f84,hbase-zookeeper,org.apache.hadoop.hbase.zookeeper.TestZKMulti.testBatchedDeletesOfWideZNodes,OD
hbase,https://github.com/apache/hbase,881c92b892844be567d5f26b161a820ebf319f84,hbase-zookeeper,org.apache.hadoop.hbase.zookeeper.TestZKUtil.testCreateWithParents,OD
hbase,https://github.com/apache/hbase,881c92b892844be567d5f26b161a820ebf319f84,hbase-replication,org.apache.hadoop.hbase.replication.TestReplicationStateZKImpl.testHfileRefsReplicationQueues,OD
hbase,https://github.com/apache/hbase,881c92b892844be567d5f26b161a820ebf319f84,hbase-replication,org.apache.hadoop.hbase.replication.TestZKReplicationPeerStorage.test,OD
hbase,https://github.com/apache/hbase,881c92b892844be567d5f26b161a820ebf319f84,hbase-replication,org.apache.hadoop.hbase.replication.TestReplicationStateZKImpl.testReplicationPeers,OD
hbase,https://github.com/apache/hbase,881c92b892844be567d5f26b161a820ebf319f84,hbase-replication,org.apache.hadoop.hbase.replication.TestReplicationStateZKImpl.testRemovePeerForHFileRefs,OD
hbase,https://github.com/apache/hbase,881c92b892844be567d5f26b161a820ebf319f84,hbase-replication,org.apache.hadoop.hbase.replication.TestReplicationStateZKImpl.testReplicationQueueStorage,OD
hbase,https://github.com/apache/hbase,881c92b892844be567d5f26b161a820ebf319f84,hbase-replication,org.apache.hadoop.hbase.replication.TestReplicationStateZKImpl.testReplicationQueues,OD
hbase,https://github.com/apache/hbase,881c92b892844be567d5f26b161a820ebf319f84,hbase-replication,org.apache.hadoop.hbase.replication.TestReplicationStateZKImpl.testPersistLogPositionAndSeqIdAtomically,OD
incubator-dubbo,https://github.com/boomblog/incubator-dubbo-vip1,737f7a7ea67832d7f17517326fb2491d0a086dd7,dubbo-filter/dubbo-filter-cache,org.apache.dubbo.cache.support.jcache.JCacheFactoryTest.testJCacheGetExpired,OD-Vic
incubator-dubbo,https://github.com/boomblog/incubator-dubbo-vip2,737f7a7ea67832d7f17517326fb2491d0a086dd7,dubbo-config/dubbo-config-api,org.apache.dubbo.config.AbstractInterfaceConfigTest.testCheckRegistry2,OD-Vic
incubator-dubbo,https://github.com/boomblog/incubator-dubbo-vip3,737f7a7ea67832d7f17517326fb2491d0a086dd7,dubbo-config/dubbo-config-api,org.apache.dubbo.config.cache.CacheTest.testCache,OD-Vic
incubator-dubbo,https://github.com/boomblog/incubator-dubbo-vip4,737f7a7ea67832d7f17517326fb2491d0a086dd7,dubbo-config/dubbo-config-api,org.apache.dubbo.config.ReferenceConfigTest.testInjvm,OD-Vic
incubator-dubbo,https://github.com/boomblog/incubator-dubbo-vip5,737f7a7ea67832d7f17517326fb2491d0a086dd7,dubbo-config/dubbo-config-spring,org.apache.dubbo.config.spring.extension.SpringExtensionFactoryTest.testGetExtensionByType,OD-Vic
incubator-dubbo,https://github.com/boomblog/incubator-dubbo-vip6,737f7a7ea67832d7f17517326fb2491d0a086dd7,dubbo-config/dubbo-config-spring,org.apache.dubbo.config.spring.extension.SpringExtensionFactoryTest.testGetExtensionByTypeMultiple,OD-Vic
incubator-dubbo,https://github.com/boomblog/incubator-dubbo-vip7,737f7a7ea67832d7f17517326fb2491d0a086dd7,dubbo-config/dubbo-config-api,org.apache.dubbo.config.validation.ValidationTest.testGenericValidation,OD-Vic
incubator-dubbo,https://github.com/boomblog/incubator-dubbo-vip8,737f7a7ea67832d7f17517326fb2491d0a086dd7,dubbo-config/dubbo-config-api,org.apache.dubbo.config.validation.ValidationTest.testProviderValidation,OD-Brit
incubator-dubbo,https://github.com/boomblog/incubator-dubbo-vip9,737f7a7ea67832d7f17517326fb2491d0a086dd7,dubbo-config/dubbo-config-api,org.apache.dubbo.config.validation.ValidationTest.testValidation,OD-Vic
incubator-dubbo,https://github.com/boomblog/incubator-dubbo-vip10,737f7a7ea67832d7f17517326fb2491d0a086dd7,dubbo-compatible,org.apache.dubbo.echo.EchoServiceTest.testEcho,OD-Vic
incubator-dubbo,https://github.com/boomblog/incubator-dubbo-vip11,737f7a7ea67832d7f17517326fb2491d0a086dd7,dubbo-rpc/dubbo-rpc-dubbo,org.apache.dubbo.rpc.protocol.dubbo.DubboProtocolTest.testDubboProtocol,OD-Vic
incubator-dubbo,https://github.com/boomblog/incubator-dubbo-vip12,737f7a7ea67832d7f17517326fb2491d0a086dd7,dubbo-rpc/dubbo-rpc-dubbo,org.apache.dubbo.rpc.protocol.dubbo.DubboProtocolTest.testReturnNonSerialized,OD-Vic;NOD
incubator-dubbo,https://github.com/boomblog/incubator-dubbo-vip13,737f7a7ea67832d7f17517326fb2491d0a086dd7,dubbo-rpc/dubbo-rpc-dubbo,org.apache.dubbo.rpc.protocol.dubbo.ReferenceCountExchangeClientTest.test_multi_destory,OD-Vic
incubator-dubbo,https://github.com/boomblog/incubator-dubbo-vip14,737f7a7ea67832d7f17517326fb2491d0a086dd7,dubbo-rpc/dubbo-rpc-dubbo,org.apache.dubbo.rpc.protocol.dubbo.ReferenceCountExchangeClientTest.test_not_share_connect,OD-Vic
incubator-dubbo,https://github.com/boomblog/incubator-dubbo-vip15,737f7a7ea67832d7f17517326fb2491d0a086dd7,dubbo-rpc/dubbo-rpc-dubbo,org.apache.dubbo.rpc.protocol.dubbo.ReferenceCountExchangeClientTest.test_share_connect,OD-Vic
incubator-dubbo,https://github.com/boomblog/incubator-dubbo-vip16,737f7a7ea67832d7f17517326fb2491d0a086dd7,dubbo-rpc/dubbo-rpc-dubbo,org.apache.dubbo.rpc.protocol.dubbo.RpcFilterTest.testRpcFilter,OD-Vic
jackrabbit-oak,https://github.com/apache/jackrabbit-oak,11985b3fbbd4f7f39dfaf368b01b5e0c67a32f0d,oak-core,org.apache.jackrabbit.oak.plugins.index.property.OrderedPropertyIndexProviderTest.singleQueryRun,OD
struts,https://github.com/apache/struts,13d9053050c9e4fb2ef049db6a37d3f6eebf48fa,core,com.opensymphony.xwork2.validator.AnnotationActionValidatorManagerTest.testGetValidatorsForInterface,ID
struts,https://github.com/apache/struts,13d9053050c9e4fb2ef049db6a37d3f6eebf48fa,core,com.opensymphony.xwork2.validator.AnnotationActionValidatorManagerTest.testSkipUserMarkerActionLevelShortCircuit,ID
struts,https://github.com/apache/struts,13d9053050c9e4fb2ef049db6a37d3f6eebf48fa,plugins/json,org.apache.struts2.json.JSONValidationInterceptorTest.testValidationFails,ID
struts,https://github.com/apache/struts,13d9053050c9e4fb2ef049db6a37d3f6eebf48fa,plugins/rest,org.apache.struts2.rest.handler.JacksonXmlHandlerTest.testObjectToXml,ID
c2mon,https://github.com/c2mon/c2mon,d80687b119c713dd177a58cf53a997d8cc5ca264,c2mon-server/c2mon-server-common,cern.c2mon.server.common.republisher.RepublisherImplTest.testMultipleExceptions,NDOD;OD-Vic;NOD
c2mon,https://github.com/c2mon/c2mon,d80687b119c713dd177a58cf53a997d8cc5ca264,c2mon-server/c2mon-server-common,cern.c2mon.server.common.republisher.RepublisherImplTest.testMultiplePublicationsWithExceptions,NDOD;OD-Vic
c2mon,https://github.com/c2mon/c2mon,d80687b119c713dd177a58cf53a997d8cc5ca264,c2mon-server/c2mon-server-elasticsearch,cern.c2mon.server.elasticsearch.ElasticsearchModuleIntegrationTest.testModuleStartup,ID
excelastic,https://github.com/codingchili/excelastic,6bb7884b1e70f9e588d75bdaf132a84f6e896a7a,.,com.codingchili.TestWriter.shouldWriteToElasticPort,NDOD;OD-Vic;NOD
rxjava2-extras,https://github.com/davidmoten/rxjava2-extras,d0315b6ecb0d24437ec0d440b6d768e89247d56c,.,com.github.davidmoten.rx2.buffertofile.FlowableOnBackpressureBufferToFileTest.testCancelObservable,NDOD;OD-Vic
dropwizard,https://github.com/dropwizard/dropwizard,07dfaed697427e208d65049f80a5d1949833b7cd,dropwizard-configuration,io.dropwizard.configuration.JsonConfigurationFactoryTest.printsDidYouMeanOnUnrecognizedField,ID
dropwizard,https://github.com/dropwizard/dropwizard,07dfaed697427e208d65049f80a5d1949833b7cd,dropwizard-configuration,io.dropwizard.configuration.YamlConfigurationFactoryTest.printsDidYouMeanOnUnrecognizedField,ID
dropwizard,https://github.com/dropwizard/dropwizard,07dfaed697427e208d65049f80a5d1949833b7cd,dropwizard-jackson,io.dropwizard.jackson.JacksonTest.objectMapperSerializesNullValues,ID
dropwizard,https://github.com/dropwizard/dropwizard,07dfaed697427e208d65049f80a5d1949833b7cd,dropwizard-jersey,io.dropwizard.jersey.errors.LoggingExceptionMapperTest.handlesMethodNotAllowedWithHeaders,ID
dropwizard,https://github.com/dropwizard/dropwizard,07dfaed697427e208d65049f80a5d1949833b7cd,dropwizard-jersey,io.dropwizard.jersey.jackson.JacksonMessageBodyProviderTest.returnsValidatedSetRequestEntities,ID
dropwizard,https://github.com/dropwizard/dropwizard,07dfaed697427e208d65049f80a5d1949833b7cd,dropwizard-logging,io.dropwizard.logging.DefaultLoggingFactoryTest.testConfigure,NOD;OD-Vic
dropwizard,https://github.com/dropwizard/dropwizard,07dfaed697427e208d65049f80a5d1949833b7cd,dropwizard-json-logging,io.dropwizard.logging.json.layout.JsonFormatterTest.testPrettyPrintNoLineSeparator,ID
dropwizard,https://github.com/dropwizard/dropwizard,07dfaed697427e208d65049f80a5d1949833b7cd,dropwizard-json-logging,io.dropwizard.logging.json.layout.JsonFormatterTest.testPrettyPrintWithLineSeparator,ID
dropwizard,https://github.com/dropwizard/dropwizard,07dfaed697427e208d65049f80a5d1949833b7cd,dropwizard-views-freemarker,io.dropwizard.views.freemarker.MultipleContentTypeTest.testJsonContentType,ID
dropwizard,https://github.com/dropwizard/dropwizard,07dfaed697427e208d65049f80a5d1949833b7cd,dropwizard-views-freemarker,io.dropwizard.views.freemarker.MultipleContentTypeTest.testOnlyJsonContentType,ID
tyrus,https://github.com/tyrus-project/tyrus,d86e0cb0a4f26ba89daf8668137c156e57fea565,tests/e2e/non-deployable,org.glassfish.tyrus.test.e2e.non_deployable.MaxMessageSizeDeploymentTest.clientMaxMessageSizeTooLargeTest,ID
tyrus,https://github.com/tyrus-project/tyrus,d86e0cb0a4f26ba89daf8668137c156e57fea565,tests/e2e/non-deployable,org.glassfish.tyrus.test.e2e.non_deployable.MaxMessageSizeDeploymentTest.serverMaxMessageSizeTooLargeTest,ID
tyrus,https://github.com/tyrus-project/tyrus,d86e0cb0a4f26ba89daf8668137c156e57fea565,tests/e2e/standard-config,org.glassfish.tyrus.test.standard_config.SessionTimeoutTest.testSessionTimeoutChanged,ID
elastic-job-lite,,b022898ef1b8c984e17efb2a422ee45f6b13e46e,elastic-job-lite-core,io.elasticjob.lite.event.rdb.JobEventRdbSearchTest.assertFindJobExecutionEventsWithTime,NOD;OD-Vic
elastic-job-lite,,b022898ef1b8c984e17efb2a422ee45f6b13e46e,elastic-job-lite-core,io.elasticjob.lite.event.rdb.JobEventRdbSearchTest.assertFindJobStatusTraceEventsWithTime,NDOD;OD-Vic
elastic-job-lite,,b022898ef1b8c984e17efb2a422ee45f6b13e46e,elastic-job-lite-core,io.elasticjob.lite.executor.type.SimpleJobExecutorTest.assertExecuteWhenRunOnceAndThrowExceptionForMultipleShardingItems,ID
elastic-job-lite,,b022898ef1b8c984e17efb2a422ee45f6b13e46e,elastic-job-lite-core,io.elasticjob.lite.internal.election.ElectionListenerManagerTest.assertLeaderElectionWhenRemoveLeaderInstancePathWithAvailableServerButJobInstanceIsShutdown,OD-Vic
elastic-job-lite,,b022898ef1b8c984e17efb2a422ee45f6b13e46e,elastic-job-lite-lifecycle,io.elasticjob.lite.lifecycle.internal.settings.JobSettingsAPIImplTest.assertUpdateJobSettings,ID
esper,https://github.com/espertechinc/esper,590fa9c9eb854f1420b9d337b802aca19f963cc0,common,com.espertech.esper.common.client.configuration.TestConfiguration.testFile,ID
esper,https://github.com/espertechinc/esper,590fa9c9eb854f1420b9d337b802aca19f963cc0,common,com.espertech.esper.common.client.configuration.TestConfiguration.testString,ID
esper,https://github.com/espertechinc/esper,590fa9c9eb854f1420b9d337b802aca19f963cc0,common,com.espertech.esper.common.client.configuration.TestConfiguration.testURL,ID
esper,https://github.com/espertechinc/esper,590fa9c9eb854f1420b9d337b802aca19f963cc0,regression-run,com.espertech.esper.regressionrun.suite.client.TestSuiteClientCompile.testClientCompileEventTypeAutoName,ID
esper,https://github.com/espertechinc/esper,590fa9c9eb854f1420b9d337b802aca19f963cc0,regression-run,com.espertech.esper.regressionrun.suite.client.TestSuiteClientCompile.testClientCompileModule,ID
esper,https://github.com/espertechinc/esper,590fa9c9eb854f1420b9d337b802aca19f963cc0,regression-run,com.espertech.esper.regressionrun.suite.client.TestSuiteClientMultitenancy.testClientMultitenancyProtected,ID
esper,https://github.com/espertechinc/esper,590fa9c9eb854f1420b9d337b802aca19f963cc0,regression-run,com.espertech.esper.regressionrun.suite.context.TestSuiteContext.testContextCategory,ID
esper,https://github.com/espertechinc/esper,590fa9c9eb854f1420b9d337b802aca19f963cc0,regression-run,com.espertech.esper.regressionrun.suite.context.TestSuiteContext.testContextInitTerm,ID
esper,https://github.com/espertechinc/esper,590fa9c9eb854f1420b9d337b802aca19f963cc0,regression-run,com.espertech.esper.regressionrun.suite.context.TestSuiteContext.testContextKeySegmented,ID
esper,https://github.com/espertechinc/esper,590fa9c9eb854f1420b9d337b802aca19f963cc0,regression-run,com.espertech.esper.regressionrun.suite.context.TestSuiteContext.testContextSelectionAndFireAndForget,ID
esper,https://github.com/espertechinc/esper,590fa9c9eb854f1420b9d337b802aca19f963cc0,regression-run,com.espertech.esper.regressionrun.suite.context.TestSuiteContext.testContextVariables,ID
esper,https://github.com/espertechinc/esper,590fa9c9eb854f1420b9d337b802aca19f963cc0,regression-run,com.espertech.esper.regressionrun.suite.epl.TestSuiteEPLDataflow.testEPLDataflowOpFilter,ID
esper,https://github.com/espertechinc/esper,590fa9c9eb854f1420b9d337b802aca19f963cc0,regression-run,com.espertech.esper.regressionrun.suite.epl.TestSuiteEPLJoin.testEPLJoin2StreamRangePerformance,ID
esper,https://github.com/espertechinc/esper,590fa9c9eb854f1420b9d337b802aca19f963cc0,regression-run,com.espertech.esper.regressionrun.suite.epl.TestSuiteEPLJoin.testEPLJoin3StreamRangePerformance,ID
esper,https://github.com/espertechinc/esper,590fa9c9eb854f1420b9d337b802aca19f963cc0,regression-run,com.espertech.esper.regressionrun.suite.epl.TestSuiteEPLOther.testEPLOtherCreateSchema,ID
esper,https://github.com/espertechinc/esper,590fa9c9eb854f1420b9d337b802aca19f963cc0,regression-run,com.espertech.esper.regressionrun.suite.epl.TestSuiteEPLSpatial.testEPLSpatialMXCIFQuadTreeEventIndex,ID
esper,https://github.com/espertechinc/esper,590fa9c9eb854f1420b9d337b802aca19f963cc0,regression-run,com.espertech.esper.regressionrun.suite.epl.TestSuiteEPLSpatial.testEPLSpatialMXCIFQuadTreeFilterIndex,ID
esper,https://github.com/espertechinc/esper,590fa9c9eb854f1420b9d337b802aca19f963cc0,regression-run,com.espertech.esper.regressionrun.suite.epl.TestSuiteEPLSpatial.testEPLSpatialPointRegionQuadTreeEventIndex,ID
esper,https://github.com/espertechinc/esper,590fa9c9eb854f1420b9d337b802aca19f963cc0,regression-run,com.espertech.esper.regressionrun.suite.epl.TestSuiteEPLSubselect.testEPLSubselectNamedWindowPerformance,ID
esper,https://github.com/espertechinc/esper,590fa9c9eb854f1420b9d337b802aca19f963cc0,regression-run,com.espertech.esper.regressionrun.suite.epl.TestSuiteEPLVariable.testEPLVariablesPerf,ID
esper,https://github.com/espertechinc/esper,590fa9c9eb854f1420b9d337b802aca19f963cc0,regression-run,com.espertech.esper.regressionrun.suite.expr.TestSuiteExprDateTime.testExprDTPerfIntervalOps,ID
esper,https://github.com/espertechinc/esper,590fa9c9eb854f1420b9d337b802aca19f963cc0,regression-run,com.espertech.esper.regressionrun.suite.expr.TestSuiteExprEnum.testExprEnumNamedWindowPerformance,ID
esper,https://github.com/espertechinc/esper,590fa9c9eb854f1420b9d337b802aca19f963cc0,regression-run,com.espertech.esper.regressionrun.suite.infra.TestSuiteInfraNamedWindow.testInfraNamedWindowInsertFrom,ID
esper,https://github.com/espertechinc/esper,590fa9c9eb854f1420b9d337b802aca19f963cc0,regression-run,com.espertech.esper.regressionrun.suite.infra.TestSuiteInfraNamedWindow.testInfraNamedWindowOnMerge,ID
esper,https://github.com/espertechinc/esper,590fa9c9eb854f1420b9d337b802aca19f963cc0,regression-run,com.espertech.esper.regressionrun.suite.infra.TestSuiteInfraNWTable.testInfraNWTableInfraFAF,ID
esper,https://github.com/espertechinc/esper,590fa9c9eb854f1420b9d337b802aca19f963cc0,regression-run,com.espertech.esper.regressionrun.suite.infra.TestSuiteInfraNWTable.testInfraNWTableInfraOnDelete,ID
esper,https://github.com/espertechinc/esper,590fa9c9eb854f1420b9d337b802aca19f963cc0,regression-run,com.espertech.esper.regressionrun.suite.infra.TestSuiteInfraNWTable.testInfraNWTableInfraOnMerge,ID
esper,https://github.com/espertechinc/esper,590fa9c9eb854f1420b9d337b802aca19f963cc0,regression-run,com.espertech.esper.regressionrun.suite.infra.TestSuiteInfraNWTable.testInfraNWTableInfraOnMergePerf,ID
esper,https://github.com/espertechinc/esper,590fa9c9eb854f1420b9d337b802aca19f963cc0,regression-run,com.espertech.esper.regressionrun.suite.infra.TestSuiteInfraNWTable.testInfraNWTableInfraOnSelect,ID
esper,https://github.com/espertechinc/esper,590fa9c9eb854f1420b9d337b802aca19f963cc0,regression-run,com.espertech.esper.regressionrun.suite.infra.TestSuiteInfraNWTable.testInfraNWTableInfraSubqCorrelIndex,ID
esper,https://github.com/espertechinc/esper,590fa9c9eb854f1420b9d337b802aca19f963cc0,regression-run,com.espertech.esper.regressionrun.suite.infra.TestSuiteInfraNWTablePerf.testInfraNWTableFAFIndexPerfWNoQueryPlanLog,ID
esper,https://github.com/espertechinc/esper,590fa9c9eb854f1420b9d337b802aca19f963cc0,regression-run,com.espertech.esper.regressionrun.suite.multithread.TestSuiteMultithread.testMultithreadContextCountSimple,ID
esper,https://github.com/espertechinc/esper,590fa9c9eb854f1420b9d337b802aca19f963cc0,regression-run,com.espertech.esper.regressionrun.suite.multithread.TestSuiteMultithreadWConfig.testMultithreadContextOverlapDistinct,ID
esper,https://github.com/espertechinc/esper,590fa9c9eb854f1420b9d337b802aca19f963cc0,regression-run,com.espertech.esper.regressionrun.suite.multithread.TestSuiteMultithreadWConfig.testMultithreadStmtNamedWindowUniqueTwoWJoinConsumer,ID
esper,https://github.com/espertechinc/esper,590fa9c9eb854f1420b9d337b802aca19f963cc0,runtime,com.espertech.esper.runtime.internal.schedulesvcimpl.TestSchedulingServiceImpl.testTrigger,OD
luwak,,c27ec08c803db6ca6be1b6e8017f45667e603161,luwak,uk.co.flax.luwak.matchers.TestParallelMatcher.testParallelSlowLog,NDOD;OD-Brit;NOD
luwak,,c27ec08c803db6ca6be1b6e8017f45667e603161,luwak,uk.co.flax.luwak.matchers.TestPartitionMatcher.testParallelSlowLog,NDOD;OD-Brit;NOD
redpipe,,0aff891d6befdf0dcc2bdbfda22262cdf82ac66f,redpipe-templating-freemarker,net.redpipe.templating.freemarker.ApiTest.checkTemplateNegociationDefault,ID
delight-nashorn-sandbox,,da35edc0a75424bad8cbf60959fae253202154c4,.,delight.nashornsandbox.TestGetFunction.test,NDOD;OD-Brit;NOD
db-scheduler,https://github.com/kagkarlsson/db-scheduler,4a8a28e60640dcd03e8d3bf212f483d35b0b6310,.,com.github.kagkarlsson.scheduler.compatibility.HsqlCompatibilityTest.test_compatibility,NDOD;OD-Vic;NOD
db-scheduler,https://github.com/kagkarlsson/db-scheduler,4a8a28e60640dcd03e8d3bf212f483d35b0b6310,.,com.github.kagkarlsson.scheduler.compatibility.HsqlCompatibilityTest.test_jdbc_repository_compatibility,OD-Vic
db-scheduler,https://github.com/kagkarlsson/db-scheduler,4a8a28e60640dcd03e8d3bf212f483d35b0b6310,.,com.github.kagkarlsson.scheduler.compatibility.HsqlCompatibilityTest.test_jdbc_repository_compatibility_set_data,OD-Vic
db-scheduler,https://github.com/kagkarlsson/db-scheduler,4a8a28e60640dcd03e8d3bf212f483d35b0b6310,.,com.github.kagkarlsson.scheduler.compatibility.HsqlCompatibilityTest.test_jdbc_repository_compatibility_with_data,NDOD;OD-Vic
db-scheduler,https://github.com/kagkarlsson/db-scheduler,4a8a28e60640dcd03e8d3bf212f483d35b0b6310,.,com.github.kagkarlsson.scheduler.DeadExecutionsTest.scheduler_should_detect_dead_execution_that_never_updated_heartbeat,NDOD;OD-Vic
db-scheduler,https://github.com/kagkarlsson/db-scheduler,4a8a28e60640dcd03e8d3bf212f483d35b0b6310,.,com.github.kagkarlsson.scheduler.DeadExecutionsTest.scheduler_should_handle_dead_executions,NDOD;OD-Vic
db-scheduler,https://github.com/kagkarlsson/db-scheduler,4a8a28e60640dcd03e8d3bf212f483d35b0b6310,.,com.github.kagkarlsson.scheduler.SchedulerClientTest.client_should_be_able_to_fetch_executions_for_task,NDOD;OD-Vic
db-scheduler,https://github.com/kagkarlsson/db-scheduler,4a8a28e60640dcd03e8d3bf212f483d35b0b6310,.,com.github.kagkarlsson.scheduler.SchedulerClientTest.client_should_be_able_to_schedule_executions,NDOD;OD-Vic
db-scheduler,https://github.com/kagkarlsson/db-scheduler,4a8a28e60640dcd03e8d3bf212f483d35b0b6310,.,com.github.kagkarlsson.scheduler.SchedulerClientTest.should_be_able_to_schedule_other_executions_from_an_executionhandler,NDOD;OD-Vic
http-request,,2d62a3e9da726942a93cf16b6e91c0187e6c0136,lib,com.github.kevinsawicki.http.HttpRequestTest.headWithEscapedMappedQueryParams,OD-Vic
marine-api,,af0003847db9ba822f67d4f1dceb8de3fe63250a,.,net.sf.marineapi.ais.event.AbstractAISMessageListenerTest.testBasicListenerWithUnexpectedMessage,OD-Vic
marine-api,,af0003847db9ba822f67d4f1dceb8de3fe63250a,.,net.sf.marineapi.ais.event.AbstractAISMessageListenerTest.testConstructor,OD-Vic
marine-api,,af0003847db9ba822f67d4f1dceb8de3fe63250a,.,net.sf.marineapi.ais.event.AbstractAISMessageListenerTest.testGenericsListener,OD-Vic
marine-api,,af0003847db9ba822f67d4f1dceb8de3fe63250a,.,net.sf.marineapi.ais.event.AbstractAISMessageListenerTest.testGenericsListenerDefaultConstructorThrows,OD-Vic
marine-api,,af0003847db9ba822f67d4f1dceb8de3fe63250a,.,net.sf.marineapi.ais.event.AbstractAISMessageListenerTest.testOnMessageWithExpectedMessage,OD-Vic
marine-api,,af0003847db9ba822f67d4f1dceb8de3fe63250a,.,net.sf.marineapi.ais.event.AbstractAISMessageListenerTest.testParametrizedConstructor,OD-Vic
marine-api,,af0003847db9ba822f67d4f1dceb8de3fe63250a,.,net.sf.marineapi.ais.event.AbstractAISMessageListenerTest.testSequenceListener,OD-Vic
marine-api,,af0003847db9ba822f67d4f1dceb8de3fe63250a,.,net.sf.marineapi.ais.event.AbstractAISMessageListenerTest.testSequenceListenerWithMixedOrder,OD-Vic
marine-api,,af0003847db9ba822f67d4f1dceb8de3fe63250a,.,net.sf.marineapi.ais.parser.AISMessageFactoryTest.testCreate,OD-Vic
marine-api,,af0003847db9ba822f67d4f1dceb8de3fe63250a,.,net.sf.marineapi.ais.parser.AISMessageFactoryTest.testCreateWithIncorrectOrder,OD-Vic
hutool,,91565d052d2771dd26547e79c619ee8c31497e8f,hutool-core,cn.hutool.core.io.FileTypeUtilTest.fileTypeUtilTest,ID
oryx,,72ae4bb3cc49d92b77e76d8a30fca8b6549b8865,framework/oryx-common,com.cloudera.oryx.common.text.TextUtilsTest.testJSONMap,ID
junit-quickcheck,,9361b6dae25b193782604d071754eb7fc566390a,core,com.pholser.junit.quickcheck.generator.BoxOfSuperLongPropertyParameterTest.producesExpectedRandomValues,ID
junit-quickcheck,,9361b6dae25b193782604d071754eb7fc566390a,core,com.pholser.junit.quickcheck.generator.BoxOfSuperLongPropertyParameterTest.verifyInteractionWithRandomness,ID
junit-quickcheck,,9361b6dae25b193782604d071754eb7fc566390a,generators,com.pholser.junit.quickcheck.generator.java.util.ListOfSuperLongPropertyParameterTest.producesExpectedRandomValues,ID
junit-quickcheck,,9361b6dae25b193782604d071754eb7fc566390a,generators,com.pholser.junit.quickcheck.generator.java.util.ListOfSuperLongPropertyParameterTest.verifyInteractionWithRandomness,ID
junit-quickcheck,,9361b6dae25b193782604d071754eb7fc566390a,generators,com.pholser.junit.quickcheck.generator.java.util.SetOfSuperFloatPropertyParameterTest.producesExpectedRandomValues,ID
junit-quickcheck,,9361b6dae25b193782604d071754eb7fc566390a,generators,com.pholser.junit.quickcheck.generator.java.util.SetOfSuperFloatPropertyParameterTest.verifyInteractionWithRandomness,ID
querydsl,,2bf234caf78549813a1e0f44d9c30ecc5ef734e3,querydsl-hibernate-search,com.querydsl.hibernate.search.SearchQueryTest.singleResult,OD-Brit
whois,,79e90f41d7eeee42f2c3ad299bfccc4e8005ce8c,whois-api,net.ripe.db.whois.api.rdap.RdapResponseJsonTest.domain_serialization_test,ID
whois,,79e90f41d7eeee42f2c3ad299bfccc4e8005ce8c,whois-api,net.ripe.db.whois.api.rdap.RdapResponseJsonTest.ip_serialization_test,ID
whois,,79e90f41d7eeee42f2c3ad299bfccc4e8005ce8c,whois-api,net.ripe.db.whois.api.rdap.RdapResponseJsonTest.nameserver_serialization_test,ID
nexus-repository-helm,,60a9e8de0d97bfa4e3f7ee6bb87d518e398f03f2,.,org.sonatype.repository.helm.internal.metadata.IndexYamlBuilderTest.testChartIndexPassedCorrectly,OD-Vic
nexus-repository-helm,,60a9e8de0d97bfa4e3f7ee6bb87d518e398f03f2,.,org.sonatype.repository.helm.internal.util.YamlParserTest.testWriteIndexYaml,ID
noxy,,d53a49421f385c70b5abe7e8cda84ff3a7b59c71,noxy-reverse,com.spinn3r.noxy.reverse.ReverseProxyServiceTest.testRequestMetaForSuccessfulRequest,ID
helios,,aebf68dcbdf9d3850478e8bddd2c478fa5fa282a,helios-testing,com.spotify.helios.testing.HeliosSoloDeploymentTest.testUndeployLeftoverJobs,NOD;OD-Vic
spring-boot,https://github.com/spring-projects/spring-boot,daa3d457b71896a758995c264977bdd1414ee4d4,spring-boot-project/spring-boot-actuator-autoconfigure,org.springframework.boot.actuate.autoconfigure.endpoint.web.documentation.BeansEndpointDocumentationTests.beans,ID
spring-boot,https://github.com/spring-projects/spring-boot,daa3d457b71896a758995c264977bdd1414ee4d4,spring-boot-project/spring-boot-actuator,org.springframework.boot.actuate.health.CompositeHealthIndicatorTests.testSerialization,ID
spring-boot,https://github.com/spring-projects/spring-boot,daa3d457b71896a758995c264977bdd1414ee4d4,spring-boot-project/spring-boot-autoconfigure,org.springframework.boot.autoconfigure.gson.GsonAutoConfigurationTests.customGsonBuilder,ID
spring-boot,https://github.com/spring-projects/spring-boot,daa3d457b71896a758995c264977bdd1414ee4d4,spring-boot-project/spring-boot-autoconfigure,org.springframework.boot.autoconfigure.websocket.servlet.WebSocketMessagingAutoConfigurationTests.basicMessagingWithJsonResponse,ID
spring-boot,https://github.com/spring-projects/spring-boot,daa3d457b71896a758995c264977bdd1414ee4d4,spring-boot-project/spring-boot,org.springframework.boot.context.properties.bind.CollectionBinderTests.bindToSetShouldNotAllowDuplicateValues,ID
spring-boot,https://github.com/spring-projects/spring-boot,daa3d457b71896a758995c264977bdd1414ee4d4,spring-boot-project/spring-boot,org.springframework.boot.diagnostics.analyzer.BeanCurrentlyInCreationFailureAnalyzerTests.cycleWithAutowiredFields,ID
spring-boot,https://github.com/spring-projects/spring-boot,daa3d457b71896a758995c264977bdd1414ee4d4,spring-boot-project/spring-boot,org.springframework.boot.logging.java.JavaLoggingSystemTests.testCustomFormatter,OD-Vic
spring-boot,https://github.com/spring-projects/spring-boot,daa3d457b71896a758995c264977bdd1414ee4d4,spring-boot-project/spring-boot,org.springframework.boot.logging.log4j2.Log4J2LoggingSystemTests.loggingThatUsesJulIsCaptured,OD-Vic
spring-boot,https://github.com/spring-projects/spring-boot,daa3d457b71896a758995c264977bdd1414ee4d4,spring-boot-project/spring-boot,org.springframework.boot.logging.logback.LogbackLoggingSystemTests.bridgeHandlerLifecycle,OD-Vic
spring-boot,https://github.com/spring-projects/spring-boot,daa3d457b71896a758995c264977bdd1414ee4d4,spring-boot-project/spring-boot,org.springframework.boot.logging.logback.LogbackLoggingSystemTests.loggingLevelIsPropagatedToJul,OD-Vic
spring-boot,https://github.com/spring-projects/spring-boot,daa3d457b71896a758995c264977bdd1414ee4d4,spring-boot-project/spring-boot,org.springframework.boot.logging.logback.LogbackLoggingSystemTests.loggingThatUsesJulIsCaptured,OD-Vic
spring-boot,https://github.com/spring-projects/spring-boot,daa3d457b71896a758995c264977bdd1414ee4d4,spring-boot-project/spring-boot,org.springframework.boot.SpringApplicationTests.customBanner,OD-Vic
spring-boot,https://github.com/spring-projects/spring-boot,daa3d457b71896a758995c264977bdd1414ee4d4,spring-boot-project/spring-boot,org.springframework.boot.SpringApplicationTests.enableBannerInLogViaProperty,OD-Vic
spring-boot,https://github.com/spring-projects/spring-boot,daa3d457b71896a758995c264977bdd1414ee4d4,spring-boot-project/spring-boot-test-autoconfigure,org.springframework.boot.test.autoconfigure.properties.AnnotationsPropertySourceTests.propertiesFromMultipleMetaAnnotationsAreMappedUsingTheirOwnPropertyMapping,ID
spring-boot,https://github.com/spring-projects/spring-boot,daa3d457b71896a758995c264977bdd1414ee4d4,spring-boot-project/spring-boot-test-autoconfigure,org.springframework.boot.test.autoconfigure.web.servlet.mockmvc.WebMvcTestWebDriverCustomScopeIntegrationTests.shouldBeTheSameWebClient,OD
spring-boot,https://github.com/spring-projects/spring-boot,daa3d457b71896a758995c264977bdd1414ee4d4,spring-boot-project/spring-boot-test-autoconfigure,org.springframework.boot.test.autoconfigure.web.servlet.mockmvc.WebMvcTestWebDriverIntegrationTests.shouldBeADifferentWebClient,OD
spring-boot,https://github.com/spring-projects/spring-boot,daa3d457b71896a758995c264977bdd1414ee4d4,spring-boot-project/spring-boot-test,org.springframework.boot.test.mock.mockito.ResetMocksTestExecutionListenerTests.test002,OD-Brit
spring-data-envers,,5637994be37747e82b2d6d5b34555e2bee791fe6,.,org.springframework.data.envers.repository.support.QueryDslRepositoryIntegrationTests.testWithQueryDsl,OD-Vic
aismessages,,7b0c4c708b6bb9a6da3d5737bcad1857ade8a931,.,dk.tbsalling.aismessages.nmea.NMEAMessageHandlerTest.canHandleFragmentedMessageReceived,OD-Vic
aismessages,,7b0c4c708b6bb9a6da3d5737bcad1857ade8a931,.,dk.tbsalling.aismessages.nmea.NMEAMessageHandlerTest.canHandleUnfragmentedMessageReceived,OD-Vic
unix4j,,367da7d262e682a08577cdf19ebbbdd8a46870fe,unix4j-core/unix4j-command,org.unix4j.unix.FindFileTimeDependentTest.find_fileCreatedBeforeNow,OD-Vic
java-websocket,,fa3909c391195178ccf5a92d4ac342a30ae247c8,.,org.java_websocket.issues.Issue677Test.testIssue,NDOD;OD-Vic;NOD
undertow,,d0efffad5d2034bb07525cac9b299dac72c3045d,servlet,io.undertow.servlet.test.security.form.SaveOriginalPostRequestTestCase.testParametersFromOriginalPostRequest,ID
undertow,,d0efffad5d2034bb07525cac9b299dac72c3045d,websockets-jsr,io.undertow.websockets.jsr.test.JsrWebSocketServer07Test.testErrorHandling,NOD;OD-Vic
undertow,,d0efffad5d2034bb07525cac9b299dac72c3045d,websockets-jsr,io.undertow.websockets.jsr.test.JsrWebSocketServer08Test.testErrorHandling,NOD;OD-Vic
undertow,,d0efffad5d2034bb07525cac9b299dac72c3045d,websockets-jsr,io.undertow.websockets.jsr.test.JsrWebSocketServer13Test.testErrorHandling,NOD;OD-Vic
admiral,https://github.com/vmware/admiral,e4b02936cc7d4ff2714e7231db0c4373ba5d48a2,adapter/kubernetes,com.vmware.admiral.adapter.pks.service.KubeConfigContentServiceTest.testGetKubeConfigWithBearerToken,ID
admiral,https://github.com/vmware/admiral,e4b02936cc7d4ff2714e7231db0c4373ba5d48a2,auth,com.vmware.admiral.auth.idm.PrincipalServiceTest.testAssignAndUnassignExistingGroupsToRole,ID
admiral,https://github.com/vmware/admiral,e4b02936cc7d4ff2714e7231db0c4373ba5d48a2,auth,com.vmware.admiral.auth.project.ProjectFactoryServiceTest.testGetPublicProjectOnly,ID
admiral,https://github.com/vmware/admiral,e4b02936cc7d4ff2714e7231db0c4373ba5d48a2,auth,com.vmware.admiral.auth.project.ProjectRolesHandlerTest.testAssignPrincipalAsGroup,ID
admiral,https://github.com/vmware/admiral,e4b02936cc7d4ff2714e7231db0c4373ba5d48a2,auth,com.vmware.admiral.auth.project.ProjectServiceTest.testDelete,ID
admiral,https://github.com/vmware/admiral,e4b02936cc7d4ff2714e7231db0c4373ba5d48a2,auth,com.vmware.admiral.auth.project.ProjectServiceTest.testPostUpgradeDefaultProject,ID
admiral,https://github.com/vmware/admiral,e4b02936cc7d4ff2714e7231db0c4373ba5d48a2,common,com.vmware.admiral.common.util.JsonMapperTest.testRoundtrip,ID
admiral,https://github.com/vmware/admiral,e4b02936cc7d4ff2714e7231db0c4373ba5d48a2,common,com.vmware.admiral.common.util.ReliableSubscriptionManagerTest.testReliableSubscriptionsAfterDocumentOwnerChange,ID
admiral,https://github.com/vmware/admiral,e4b02936cc7d4ff2714e7231db0c4373ba5d48a2,compute,com.vmware.admiral.compute.container.ContainerHostDataCollectionServiceTest.testPlacementUpdates,ID
admiral,https://github.com/vmware/admiral,e4b02936cc7d4ff2714e7231db0c4373ba5d48a2,compute,com.vmware.admiral.compute.content.CompositeTemplateUtilTest.testConvertCompositeTemplateToDockerComposeWithNetwork,ID
admiral,https://github.com/vmware/admiral,e4b02936cc7d4ff2714e7231db0c4373ba5d48a2,compute,com.vmware.admiral.compute.content.CompositeTemplateUtilTest.testConvertDockerComposeToCompositeTemplate,ID
admiral,https://github.com/vmware/admiral,e4b02936cc7d4ff2714e7231db0c4373ba5d48a2,compute,com.vmware.admiral.compute.content.CompositeTemplateUtilTest.testConvertDockerComposeToCompositeTemplateWithNetwork,ID
admiral,https://github.com/vmware/admiral,e4b02936cc7d4ff2714e7231db0c4373ba5d48a2,compute,com.vmware.admiral.compute.content.CompositeTemplateUtilTest.testConvertDockerComposeToCompositeTemplateWithVolume,ID
admiral,https://github.com/vmware/admiral,e4b02936cc7d4ff2714e7231db0c4373ba5d48a2,compute,com.vmware.admiral.compute.content.CompositeTemplateUtilTest.testDeserializeSerializeComplexCompositeTemplate,ID
admiral,https://github.com/vmware/admiral,e4b02936cc7d4ff2714e7231db0c4373ba5d48a2,compute,com.vmware.admiral.compute.content.CompositeTemplateUtilTest.testDeserializeSerializeComplexCompositeTemplateWithNetwork,ID
admiral,https://github.com/vmware/admiral,e4b02936cc7d4ff2714e7231db0c4373ba5d48a2,compute,com.vmware.admiral.compute.content.CompositeTemplateUtilTest.testDeserializeSerializeComplexCompositeTemplateWithVolume,ID
admiral,https://github.com/vmware/admiral,e4b02936cc7d4ff2714e7231db0c4373ba5d48a2,compute,com.vmware.admiral.compute.content.CompositeTemplateUtilTest.testDeserializeSerializeSimpleDockerComposeWithNetwork,ID
admiral,https://github.com/vmware/admiral,e4b02936cc7d4ff2714e7231db0c4373ba5d48a2,compute,com.vmware.admiral.compute.content.kubernetes.KubernetesUtilTest.testConvertCompositeTemplateToKubernetesTemplate,ID
admiral,https://github.com/vmware/admiral,e4b02936cc7d4ff2714e7231db0c4373ba5d48a2,compute,com.vmware.admiral.compute.content.kubernetes.KubernetesUtilTest.testMapApplicationSuffix,ID
admiral,https://github.com/vmware/admiral,e4b02936cc7d4ff2714e7231db0c4373ba5d48a2,compute,com.vmware.admiral.compute.ElasticPlacementZoneConfigurationServiceTest.testUpdateWithEpz,ID
admiral,https://github.com/vmware/admiral,e4b02936cc7d4ff2714e7231db0c4373ba5d48a2,compute,com.vmware.admiral.compute.kubernetes.ContainerDescriptionToKubernetesDescriptionConverterServiceTest.testConvertContainerDescriptionToKubernetesDescription,ID
admiral,https://github.com/vmware/admiral,e4b02936cc7d4ff2714e7231db0c4373ba5d48a2,compute,com.vmware.admiral.compute.kubernetes.KubernetesEntityDataCollectionTest.testDataCollectionDiscoverAdmiralApplication,ID
admiral,https://github.com/vmware/admiral,e4b02936cc7d4ff2714e7231db0c4373ba5d48a2,compute,com.vmware.admiral.compute.kubernetes.PodLogServiceTest.testLog,ID
admiral,https://github.com/vmware/admiral,e4b02936cc7d4ff2714e7231db0c4373ba5d48a2,request,com.vmware.admiral.request.ContainerControlLoopServiceTest.redeploymentOfSingleContainers,ID
admiral,https://github.com/vmware/admiral,e4b02936cc7d4ff2714e7231db0c4373ba5d48a2,request,com.vmware.admiral.request.ContainerControlLoopServiceTest.testRedeploymentOfAContainerInClusterAllContainersInError,ID
admiral,https://github.com/vmware/admiral,e4b02936cc7d4ff2714e7231db0c4373ba5d48a2,request,com.vmware.admiral.request.RequestBrokerServiceTest.testRequestTrackerLinkShouldBeReturnedAndCreated,ID
admiral,https://github.com/vmware/admiral,e4b02936cc7d4ff2714e7231db0c4373ba5d48a2,request,com.vmware.admiral.request.RequestStatusServiceTest.testRequestStatusShouldNotBeModifiedAfterCompletion,ID
admiral,https://github.com/vmware/admiral,e4b02936cc7d4ff2714e7231db0c4373ba5d48a2,request,com.vmware.admiral.request.util.LongURIGetServiceTest.testBadRequest,ID
admiral,https://github.com/vmware/admiral,e4b02936cc7d4ff2714e7231db0c4373ba5d48a2,compute,com.vmware.admiral.service.common.ExtensibilitySubscriptionManagerTest.testInitialState,ID
admiral,https://github.com/vmware/admiral,e4b02936cc7d4ff2714e7231db0c4373ba5d48a2,compute,com.vmware.admiral.service.common.ExtensibilitySubscriptionServiceTest.testCreateInvalid,ID
admiral,https://github.com/vmware/admiral,e4b02936cc7d4ff2714e7231db0c4373ba5d48a2,compute,com.vmware.admiral.service.common.ExtensibilitySubscriptionServiceTest.testGetEmpty,ID
wildfly,https://github.com/wildfly/wildfly,b19048b72669fc0e96665b1b125dc1fda21f5993,clustering/infinispan/extension,org.jboss.as.clustering.infinispan.subsystem.InfinispanTransformersTestCase.testTransformerEAP710,ID
wildfly,https://github.com/wildfly/wildfly,b19048b72669fc0e96665b1b125dc1fda21f5993,testsuite/integration/smoke,org.jboss.as.test.smoke.mgmt.datasource.AddMySqlDataSourceOperationsUnitTestCase.testAddDsAndTestConnection,ID
wildfly,https://github.com/wildfly/wildfly,b19048b72669fc0e96665b1b125dc1fda21f5993,dist,org.wildfly.dist.subsystem.xml.StandardConfigsXMLValidationUnitTestCase.testDomain,ID
wildfly,https://github.com/wildfly/wildfly,b19048b72669fc0e96665b1b125dc1fda21f5993,dist,org.wildfly.dist.subsystem.xml.StandardConfigsXMLValidationUnitTestCase.testHost,ID
wildfly,https://github.com/wildfly/wildfly,b19048b72669fc0e96665b1b125dc1fda21f5993,dist,org.wildfly.dist.subsystem.xml.StandardConfigsXMLValidationUnitTestCase.testHostMaster,ID
wildfly,https://github.com/wildfly/wildfly,b19048b72669fc0e96665b1b125dc1fda21f5993,dist,org.wildfly.dist.subsystem.xml.StandardConfigsXMLValidationUnitTestCase.testHostSlave,ID
wildfly,https://github.com/wildfly/wildfly,b19048b72669fc0e96665b1b125dc1fda21f5993,dist,org.wildfly.dist.subsystem.xml.StandardConfigsXMLValidationUnitTestCase.testStandalone,ID
wildfly,https://github.com/wildfly/wildfly,b19048b72669fc0e96665b1b125dc1fda21f5993,dist,org.wildfly.dist.subsystem.xml.StandardConfigsXMLValidationUnitTestCase.testStandaloneEC2FullHA,ID
wildfly,https://github.com/wildfly/wildfly,b19048b72669fc0e96665b1b125dc1fda21f5993,dist,org.wildfly.dist.subsystem.xml.StandardConfigsXMLValidationUnitTestCase.testStandaloneEC2HA,ID
wildfly,https://github.com/wildfly/wildfly,b19048b72669fc0e96665b1b125dc1fda21f5993,dist,org.wildfly.dist.subsystem.xml.StandardConfigsXMLValidationUnitTestCase.testStandaloneFull,ID
wildfly,https://github.com/wildfly/wildfly,b19048b72669fc0e96665b1b125dc1fda21f5993,dist,org.wildfly.dist.subsystem.xml.StandardConfigsXMLValidationUnitTestCase.testStandaloneGenericJMS,ID
wildfly,https://github.com/wildfly/wildfly,b19048b72669fc0e96665b1b125dc1fda21f5993,dist,org.wildfly.dist.subsystem.xml.StandardConfigsXMLValidationUnitTestCase.testStandaloneGossipFullHA,ID
wildfly,https://github.com/wildfly/wildfly,b19048b72669fc0e96665b1b125dc1fda21f5993,dist,org.wildfly.dist.subsystem.xml.StandardConfigsXMLValidationUnitTestCase.testStandaloneGossipHA,ID
wildfly,https://github.com/wildfly/wildfly,b19048b72669fc0e96665b1b125dc1fda21f5993,dist,org.wildfly.dist.subsystem.xml.StandardConfigsXMLValidationUnitTestCase.testStandaloneHA,ID
wildfly,https://github.com/wildfly/wildfly,b19048b72669fc0e96665b1b125dc1fda21f5993,dist,org.wildfly.dist.subsystem.xml.StandardConfigsXMLValidationUnitTestCase.testStandaloneJTS,ID
wildfly,https://github.com/wildfly/wildfly,b19048b72669fc0e96665b1b125dc1fda21f5993,dist,org.wildfly.dist.subsystem.xml.StandardConfigsXMLValidationUnitTestCase.testStandaloneMinimalistic,ID
wildfly,https://github.com/wildfly/wildfly,b19048b72669fc0e96665b1b125dc1fda21f5993,dist,org.wildfly.dist.subsystem.xml.StandardConfigsXMLValidationUnitTestCase.testStandalonePicketLink,ID
wildfly,https://github.com/wildfly/wildfly,b19048b72669fc0e96665b1b125dc1fda21f5993,dist,org.wildfly.dist.subsystem.xml.StandardConfigsXMLValidationUnitTestCase.testStandaloneRTS,ID
wildfly,https://github.com/wildfly/wildfly,b19048b72669fc0e96665b1b125dc1fda21f5993,dist,org.wildfly.dist.subsystem.xml.StandardConfigsXMLValidationUnitTestCase.testStandaloneXTS,ID
wildfly,https://github.com/wildfly/wildfly,b19048b72669fc0e96665b1b125dc1fda21f5993,undertow,org.wildfly.extension.undertow.UndertowSubsystemTestCase.testRuntime,ID
wro4j,,185ab607f1d649ca38b4a772831ee754cd4649fb,wro4j-core,ro.isdc.wro.cache.support.TestSynchronizedCacheStrategyDecorator.shouldInvokeLoadTwoTimesForDifferentKeys,ID
wro4j,,185ab607f1d649ca38b4a772831ee754cd4649fb,wro4j-extensions,ro.isdc.wro.extensions.http.handler.TestModelAsJsonRequestHandler.shouldGenerateModelAsJson,ID
wro4j,,185ab607f1d649ca38b4a772831ee754cd4649fb,wro4j-extensions,ro.isdc.wro.extensions.processor.support.sass.TestRubySassEngine.shouldProcessValidCss,ID
wro4j,,185ab607f1d649ca38b4a772831ee754cd4649fb,wro4j-extensions,ro.isdc.wro.extensions.processor.support.sass.TestRubySassEngine.shouldProcessValidSass,ID
wro4j,,185ab607f1d649ca38b4a772831ee754cd4649fb,wro4j-extensions,ro.isdc.wro.extensions.processor.TestRubySassCssProcessor.executeMultipleTimesDoesntThrowOutOfMemoryException,ID
wro4j,,185ab607f1d649ca38b4a772831ee754cd4649fb,wro4j-extensions,ro.isdc.wro.extensions.processor.TestRubySassCssProcessor.shouldBeThreadSafe,ID
wro4j,,185ab607f1d649ca38b4a772831ee754cd4649fb,wro4j-extensions,ro.isdc.wro.extensions.processor.TestRubySassCssProcessor.shouldBeThreadSafeWhenInitializingProcessor,ID;NOD
riptide,,8277e11fc069d8e24df0d233ef2577cc75659b75,riptide-failsafe,org.zalando.riptide.failsafe.FailsafePluginRetriesTest.shouldAllowNestedCalls,ID
riptide,,8277e11fc069d8e24df0d233ef2577cc75659b75,riptide-spring-boot-starter,org.zalando.riptide.spring.AccessTokensDefaultCredentialsDirectoryTest.shouldUseCredentialsDirectory,ID
riptide,,8277e11fc069d8e24df0d233ef2577cc75659b75,riptide-spring-boot-starter,org.zalando.riptide.spring.AccessTokensMissingTest.shouldFailDueToMissingAccessTokenUrl,ID
riptide,,8277e11fc069d8e24df0d233ef2577cc75659b75,riptide-spring-boot-starter,org.zalando.riptide.spring.AccessTokensPropertiesTest.shouldRun,ID
riptide,,8277e11fc069d8e24df0d233ef2577cc75659b75,riptide-spring-boot-starter,org.zalando.riptide.spring.ClientConfigurationTest.shouldApplyTimeouts,ID
riptide,,8277e11fc069d8e24df0d233ef2577cc75659b75,riptide-spring-boot-starter,org.zalando.riptide.spring.ClientConfigurationTest.shouldWireNonOAuthCorrectly,ID
riptide,,8277e11fc069d8e24df0d233ef2577cc75659b75,riptide-spring-boot-starter,org.zalando.riptide.spring.ClientConfigurationTest.shouldWireOAuthCorrectly,ID
riptide,,8277e11fc069d8e24df0d233ef2577cc75659b75,riptide-spring-boot-starter,org.zalando.riptide.spring.LogbookCompatibilityTest.shouldUseInterceptors,ID
riptide,,8277e11fc069d8e24df0d233ef2577cc75659b75,riptide-spring-boot-starter,org.zalando.riptide.spring.metrics.MetricsTest.shouldRecordRetries,ID
riptide,,8277e11fc069d8e24df0d233ef2577cc75659b75,riptide-spring-boot-starter,org.zalando.riptide.spring.ObjectMapperOverrideTest.shouldOverride,ID
jung,,1f579fe5d74ecbaecbe32ce6762e1fa9e17ed225,jung-algorithms,edu.uci.ics.jung.algorithms.shortestpath.testDAG,ID
mockserver,,3009f363b84df6a0ba377e72f6cff6ce204af0e8,mockserver-core,org.mockserver.mock.HttpStateTest.shouldClearLogsAndExpectations,ID
mockserver,,3009f363b84df6a0ba377e72f6cff6ce204af0e8,mockserver-core,org.mockserver.mock.HttpStateTest.shouldHandleAddExpectationRequest,ID
mockserver,,3009f363b84df6a0ba377e72f6cff6ce204af0e8,mockserver-core,org.mockserver.mock.HttpStateTest.shouldRetrieveLogEntriesWithRequestMatcher,ID
mockserver,,3009f363b84df6a0ba377e72f6cff6ce204af0e8,mockserver-core,org.mockserver.mock.HttpStateTest.shouldClearLogsOnly,ID
mockserver,,3009f363b84df6a0ba377e72f6cff6ce204af0e8,mockserver-core,org.mockserver.mock.HttpStateTest.shouldRetrieveRecordedRequestResponsesAsJson,ID
mockserver,,3009f363b84df6a0ba377e72f6cff6ce204af0e8,mockserver-core,org.mockserver.mock.HttpStateTest.shouldRetrieveLogEntries,ID
mockserver,,3009f363b84df6a0ba377e72f6cff6ce204af0e8,mockserver-core,org.mockserver.mock.HttpStateTest.shouldRetrieveRecordedRequestsResponsesAsLogEntries,ID
mockserver,,3009f363b84df6a0ba377e72f6cff6ce204af0e8,mockserver-core,org.mockserver.mock.HttpStateTest.shouldHandleRetrieveLogMessagesRequest,ID
mockserver,,3009f363b84df6a0ba377e72f6cff6ce204af0e8,mockserver-core,org.mockserver.mock.HttpStateTest.shouldClearLogsAndExpectationsWithRequestMatcher,ID
mockserver,,3009f363b84df6a0ba377e72f6cff6ce204af0e8,mockserver-core,org.mockserver.model.HttpResponseTest.shouldReturnFormattedRequestInToString,ID
mockserver,,3009f363b84df6a0ba377e72f6cff6ce204af0e8,mockserver-core,org.mockserver.model.JsonBodyTest.shouldReturnValuesFromStaticObjectBuilderWithCharsetAndMatchType,ID
mockserver,,3009f363b84df6a0ba377e72f6cff6ce204af0e8,mockserver-core,org.mockserver.model.JsonBodyTest.shouldReturnValuesFromStaticObjectBuilder,ID
mockserver,,3009f363b84df6a0ba377e72f6cff6ce204af0e8,mockserver-core,org.mockserver.model.JsonBodyTest.shouldReturnValuesFromStaticObjectBuilderWithMatchTypeAndCharset,ID
mockserver,,3009f363b84df6a0ba377e72f6cff6ce204af0e8,mockserver-core,org.mockserver.model.JsonBodyTest.shouldReturnValuesFromStaticObjectBuilderWithMatchType,ID
mockserver,,3009f363b84df6a0ba377e72f6cff6ce204af0e8,mockserver-core,org.mockserver.model.JsonBodyTest.shouldReturnValuesFromStaticObjectBuilderWithMediaTypeAndMatchType,ID
mockserver,,3009f363b84df6a0ba377e72f6cff6ce204af0e8,mockserver-core,org.mockserver.serialization.serializers.body.JsonBodySerializerTest.shouldSerializeJsonBodyAsObject,ID
mockserver,,3009f363b84df6a0ba377e72f6cff6ce204af0e8,mockserver-core,org.mockserver.serialization.serializers.response.HttpResponseDTOSerializerTest.shouldReturnFormattedResponseWithAllFieldsSet,ID
mockserver,,3009f363b84df6a0ba377e72f6cff6ce204af0e8,mockserver-core,org.mockserver.serialization.serializers.response.HttpResponseSerializerTest.shouldReturnFormattedResponseWithAllFieldsSet,ID
mockserver,,3009f363b84df6a0ba377e72f6cff6ce204af0e8,mockserver-core,org.mockserver.serialization.WebSocketMessageSerializerTest.shouldSerializeCompleteResponse,ID
mockserver,,3009f363b84df6a0ba377e72f6cff6ce204af0e8,mockserver-core,org.mockserver.serialization.WebSocketMessageSerializerTest.shouldSerializeCompleteRequest,ID
mockserver,,3009f363b84df6a0ba377e72f6cff6ce204af0e8,mockserver-core,org.mockserver.matchers.HttpRequestPropertiesMatcherLogTest.doesNotMatchMultipleIncorrectFieldsInExpectation,ID
mockserver,,3009f363b84df6a0ba377e72f6cff6ce204af0e8,mockserver-core,org.mockserver.matchers.HttpRequestPropertiesMatcherLogTest.doesNotMatchMultipleIncorrectFieldsInExpectationWithoutFailFast,ID
mockserver,,3009f363b84df6a0ba377e72f6cff6ce204af0e8,mockserver-core,org.mockserver.matchers.HttpRequestPropertiesMatcherLogTest.doesNotMatchIncorrectKeepAliveWithExpectationAndWithoutFailFast,ID
mockserver,,3009f363b84df6a0ba377e72f6cff6ce204af0e8,mockserver-core,org.mockserver.mappers.HttpServletRequestToMockServerHttpRequestDecoderTest.shouldMapHttpServletRequestToHttpRequest,ID
mockserver,,3009f363b84df6a0ba377e72f6cff6ce204af0e8,mockserver-core,org.mockserver.persistence.ExpectationFileSystemPersistenceTest.shouldPersistExpectationsToJsonOnAdd,ID
mockserver,,3009f363b84df6a0ba377e72f6cff6ce204af0e8,mockserver-core,org.mockserver.persistence.ExpectationFileSystemPersistenceTest.shouldPersistExpectationsToJsonOnRemove,ID
mockserver,,3009f363b84df6a0ba377e72f6cff6ce204af0e8,mockserver-core,org.mockserver.persistence.ExpectationFileSystemPersistenceTest.shouldPersistExpectationsToJsonOnUpdate,ID
mockserver,,3009f363b84df6a0ba377e72f6cff6ce204af0e8,mockserver-core,org.mockserver.persistence.ExpectationFileSystemPersistenceTest.shouldPersistExpectationsToJsonOnUpdateAll,ID
mockserver,,3009f363b84df6a0ba377e72f6cff6ce204af0e8,mockserver-core,org.mockserver.persistence.ExpectationFileSystemPersistenceTest.shouldPersistExpectationsToJsonOnUpdateAllFromFileWatcher,ID
innodb-java-reader,,24a95d8005d480d460c3004fad89cfa295b9cbb4,innodb-java-reader,com.alibaba.innodb.java.reader.InnodbReaderBootstrapTest.testGenFillingRateHeatmap,ID
innodb-java-reader,,24a95d8005d480d460c3004fad89cfa295b9cbb4,innodb-java-reader,com.alibaba.innodb.java.reader.InnodbReaderBootstrapTest.testQueryBySecondaryKeySpecifySkOrdinalNegate,ID
innodb-java-reader,,24a95d8005d480d460c3004fad89cfa295b9cbb4,innodb-java-reader,com.alibaba.innodb.java.reader.InnodbReaderBootstrapTest.testRangeQueryByPrimaryKeyNegative,ID
innodb-java-reader,,24a95d8005d480d460c3004fad89cfa295b9cbb4,innodb-java-reader,com.alibaba.innodb.java.reader.InnodbReaderBootstrapTest.testQueryAllDirectIO,ID
innodb-java-reader,,24a95d8005d480d460c3004fad89cfa295b9cbb4,innodb-java-reader,com.alibaba.innodb.java.reader.InnodbReaderBootstrapTest.testQueryBySecondaryKeySpecifySkRootPageNumberNegate,ID
innodb-java-reader,,24a95d8005d480d460c3004fad89cfa295b9cbb4,innodb-java-reader,com.alibaba.innodb.java.reader.InnodbReaderBootstrapTest.testGenLsnHeatmap,ID
semanticvectors,,cf2d883c5fafd84ca2530fb15e62ba399ebc7176,.,pitt.search.semanticvectors.integrationtests.RegressionTests.testBuildAndSearchComplexPermutationIndex,OD
semanticvectors,,cf2d883c5fafd84ca2530fb15e62ba399ebc7176,.,pitt.search.semanticvectors.vectors.ComplexVectorTest.testComplexOrthogonalize,OD
openhtmltopdf,https://github.com/danfickle/openhtmltopdf,4a0612fab7b3a55e3e11d485233b063006d03b0f,openhtmltopdf-slf4j,com.openhtmltopdf.slf4j.Slf4JLoggerTest.testLogger,OD
openhtmltopdf,https://github.com/danfickle/openhtmltopdf,4a0612fab7b3a55e3e11d485233b063006d03b0f,openhtmltopdf-examples,com.openhtmltopdf.nonvisualregressiontests.NonVisualRegressionTest.testBookmarkHeadAfterOverflowPage,OD
openhtmltopdf,https://github.com/danfickle/openhtmltopdf,4a0612fab7b3a55e3e11d485233b063006d03b0f,openhtmltopdf-examples,com.openhtmltopdf.nonvisualregressiontests.NonVisualRegressionTest.testMetaInformation,OD
openhtmltopdf,https://github.com/danfickle/openhtmltopdf,4a0612fab7b3a55e3e11d485233b063006d03b0f,openhtmltopdf-examples,com.openhtmltopdf.nonvisualregressiontests.NonVisualRegressionTest.testLinkAreaMultipleBoxes,OD
openhtmltopdf,https://github.com/danfickle/openhtmltopdf,4a0612fab7b3a55e3e11d485233b063006d03b0f,openhtmltopdf-examples,com.openhtmltopdf.nonvisualregressiontests.NonVisualRegressionTest.testLinkAreaMultipleLine,OD
openhtmltopdf,https://github.com/danfickle/openhtmltopdf,4a0612fab7b3a55e3e11d485233b063006d03b0f,openhtmltopdf-examples,com.openhtmltopdf.nonvisualregressiontests.NonVisualRegressionTest.testLinkAfterOverflowTarget,OD
openhtmltopdf,https://github.com/danfickle/openhtmltopdf,4a0612fab7b3a55e3e11d485233b063006d03b0f,openhtmltopdf-examples,com.openhtmltopdf.nonvisualregressiontests.NonVisualRegressionTest.testLinkTransformTarget,OD
openhtmltopdf,https://github.com/danfickle/openhtmltopdf,4a0612fab7b3a55e3e11d485233b063006d03b0f,openhtmltopdf-examples,com.openhtmltopdf.nonvisualregressiontests.NonVisualRegressionTest.testPr489DiagnosticConsumer,OD
openhtmltopdf,https://github.com/danfickle/openhtmltopdf,4a0612fab7b3a55e3e11d485233b063006d03b0f,openhtmltopdf-examples,com.openhtmltopdf.nonvisualregressiontests.NonVisualRegressionTest.testLinkAreaTransformRotate,OD
openhtmltopdf,https://github.com/danfickle/openhtmltopdf,4a0612fab7b3a55e3e11d485233b063006d03b0f,openhtmltopdf-examples,com.openhtmltopdf.nonvisualregressiontests.NonVisualRegressionTest.testLinkAreaAfterOverflowPage,OD
openhtmltopdf,https://github.com/danfickle/openhtmltopdf,4a0612fab7b3a55e3e11d485233b063006d03b0f,openhtmltopdf-examples,com.openhtmltopdf.nonvisualregressiontests.NonVisualRegressionTest.testLinkOnOverflowTarget,OD
openhtmltopdf,https://github.com/danfickle/openhtmltopdf,4a0612fab7b3a55e3e11d485233b063006d03b0f,openhtmltopdf-examples,com.openhtmltopdf.nonvisualregressiontests.NonVisualRegressionTest.testLinkSimpleBlock,OD
openhtmltopdf,https://github.com/danfickle/openhtmltopdf,4a0612fab7b3a55e3e11d485233b063006d03b0f,openhtmltopdf-examples,com.openhtmltopdf.nonvisualregressiontests.NonVisualRegressionTest.testBookmarkHeadNested,OD
openhtmltopdf,https://github.com/danfickle/openhtmltopdf,4a0612fab7b3a55e3e11d485233b063006d03b0f,openhtmltopdf-examples,com.openhtmltopdf.nonvisualregressiontests.NonVisualRegressionTest.testBookmarkHeadSimple,OD
openhtmltopdf,https://github.com/danfickle/openhtmltopdf,4a0612fab7b3a55e3e11d485233b063006d03b0f,openhtmltopdf-examples,com.openhtmltopdf.nonvisualregressiontests.NonVisualRegressionTest.testIssue458PageContentRepeatedInMargin,OD
openhtmltopdf,https://github.com/danfickle/openhtmltopdf,4a0612fab7b3a55e3e11d485233b063006d03b0f,openhtmltopdf-examples,com.openhtmltopdf.nonvisualregressiontests.NonVisualRegressionTest.testLinkAreaTransformNested,OD
openhtmltopdf,https://github.com/danfickle/openhtmltopdf,4a0612fab7b3a55e3e11d485233b063006d03b0f,openhtmltopdf-examples,com.openhtmltopdf.nonvisualregressiontests.NonVisualRegressionTest.testLinkAreaOverflowPage,OD
openhtmltopdf,https://github.com/danfickle/openhtmltopdf,4a0612fab7b3a55e3e11d485233b063006d03b0f,openhtmltopdf-examples,com.openhtmltopdf.nonvisualregressiontests.NonVisualRegressionTest.testFormControlText,OD
openhtmltopdf,https://github.com/danfickle/openhtmltopdf,4a0612fab7b3a55e3e11d485233b063006d03b0f,openhtmltopdf-examples,com.openhtmltopdf.nonvisualregressiontests.NonVisualRegressionTest.testPr492InfiniteLoopBugsInLineBreakingFuzz,OD
openhtmltopdf,https://github.com/danfickle/openhtmltopdf,4a0612fab7b3a55e3e11d485233b063006d03b0f,openhtmltopdf-examples,com.openhtmltopdf.nonvisualregressiontests.NonVisualRegressionTest.testFormControlOverflowPage,OD
openhtmltopdf,https://github.com/danfickle/openhtmltopdf,4a0612fab7b3a55e3e11d485233b063006d03b0f,openhtmltopdf-examples,com.openhtmltopdf.nonvisualregressiontests.NonVisualRegressionTest.testInputWithoutNameAttribute,OD
openhtmltopdf,https://github.com/danfickle/openhtmltopdf,4a0612fab7b3a55e3e11d485233b063006d03b0f,openhtmltopdf-examples,com.openhtmltopdf.nonvisualregressiontests.NonVisualRegressionTest.testLinkAreaPageMarginTransform,OD
openhtmltopdf,https://github.com/danfickle/openhtmltopdf,4a0612fab7b3a55e3e11d485233b063006d03b0f,openhtmltopdf-examples,com.openhtmltopdf.nonvisualregressiontests.NonVisualRegressionTest.testBookmarkHeadTransform,OD
openhtmltopdf,https://github.com/danfickle/openhtmltopdf,4a0612fab7b3a55e3e11d485233b063006d03b0f,openhtmltopdf-examples,com.openhtmltopdf.nonvisualregressiontests.NonVisualRegressionTest.testLinkAreaTransformTranslateY,OD
openhtmltopdf,https://github.com/danfickle/openhtmltopdf,4a0612fab7b3a55e3e11d485233b063006d03b0f,openhtmltopdf-examples,com.openhtmltopdf.nonvisualregressiontests.NonVisualRegressionTest.testBookmarkBodySimple,OD
openhtmltopdf,https://github.com/danfickle/openhtmltopdf,4a0612fab7b3a55e3e11d485233b063006d03b0f,openhtmltopdf-examples,com.openhtmltopdf.nonvisualregressiontests.NonVisualRegressionTest.testLinkAreaMultiplePage,OD
openhtmltopdf,https://github.com/danfickle/openhtmltopdf,4a0612fab7b3a55e3e11d485233b063006d03b0f,openhtmltopdf-examples,com.openhtmltopdf.nonvisualregressiontests.NonVisualRegressionTest.testLinkInlineTarget,OD
openhtmltopdf,https://github.com/danfickle/openhtmltopdf,4a0612fab7b3a55e3e11d485233b063006d03b0f,openhtmltopdf-examples,com.openhtmltopdf.nonvisualregressiontests.NonVisualRegressionTest.testFormControlAfterOverflowPage,OD
openhtmltopdf,https://github.com/danfickle/openhtmltopdf,4a0612fab7b3a55e3e11d485233b063006d03b0f,openhtmltopdf-examples,com.openhtmltopdf.nonvisualregressiontests.NonVisualRegressionTest.testLinkAreaPageMargin,OD
openhtmltopdf,https://github.com/danfickle/openhtmltopdf,4a0612fab7b3a55e3e11d485233b063006d03b0f,openhtmltopdf-examples,com.openhtmltopdf.nonvisualregressiontests.NonVisualRegressionTest.testPR480LinkShapes,OD
openhtmltopdf,https://github.com/danfickle/openhtmltopdf,4a0612fab7b3a55e3e11d485233b063006d03b0f,openhtmltopdf-examples,com.openhtmltopdf.nonvisualregressiontests.NonVisualRegressionTest.testBookmarkHeadOnOverflowPage,OD
openhtmltopdf,https://github.com/danfickle/openhtmltopdf,4a0612fab7b3a55e3e11d485233b063006d03b0f,openhtmltopdf-examples,com.openhtmltopdf.nonvisualregressiontests.NonVisualRegressionTest.testLinkExternalUrl,OD
openhtmltopdf,https://github.com/danfickle/openhtmltopdf,4a0612fab7b3a55e3e11d485233b063006d03b0f,openhtmltopdf-examples,com.openhtmltopdf.testcases.ConcateOutputTest.testConcateOutput,OD
openhtmltopdf,https://github.com/danfickle/openhtmltopdf,4a0612fab7b3a55e3e11d485233b063006d03b0f,openhtmltopdf-examples,com.openhtmltopdf.testcases.TestcaseRunnerTest.runTestcaseRunner,OD
openhtmltopdf,https://github.com/danfickle/openhtmltopdf,4a0612fab7b3a55e3e11d485233b063006d03b0f,openhtmltopdf-examples,com.openhtmltopdf.freemarker.FreeMarkerGeneratorTest.testFreeMarkerGenerator,OD
flow,,26aacd3cdf51c7e0a18ae21318d366ce7f91be8a,flow-polymer-template,com.vaadin.flow.component.polymertemplate.NpmTemplateParserTest.should_FindCorrectDataInStats,OD
biojava,https://github.com/biojava/biojava,245742d522d12440ece32f5c2d665ff81c465e98,biojava-integrationtest,org.biojava.nbio.structure.test.align.AlignmentToolsTest.testToConciseAlignmentString,ID
biojava,https://github.com/biojava/biojava,245742d522d12440ece32f5c2d665ff81c465e98,biojava-integrationtest,org.biojava.nbio.structure.test.Test1a4w.testChemComps,ID
biojava,https://github.com/biojava/biojava,245742d522d12440ece32f5c2d665ff81c465e98,biojava-integrationtest,org.biojava.nbio.structure.test.scop.ScopTest.testLocalScop,ID
biojava,https://github.com/biojava/biojava,245742d522d12440ece32f5c2d665ff81c465e98,biojava-integrationtest,org.biojava.nbio.structure.test.cluster.TestSubunitClustererExamples.testPseudostoichiometry,ID
biojava,https://github.com/biojava/biojava,245742d522d12440ece32f5c2d665ff81c465e98,biojava-integrationtest,org.biojava.nbio.structure.test.StructureToolsTest.testGetRepresentativeAtomsProtein,ID
biojava,https://github.com/biojava/biojava,245742d522d12440ece32f5c2d665ff81c465e98,biojava-integrationtest,org.biojava.nbio.structure.test.symmetry.TestQuatSymmetryDetectorExamples.testLocal,ID
incubator-ratis,https://github.com/apache/incubator-ratis,bc9d7615d8ffa30e79a36b9fd1950af38f0f6a49,ratis-hadoop,org.apache.ratis.hadooprpc.TestRetryCacheWithHadoopRpc.testRetryOnNewLeader,OD
incubator-ratis,https://github.com/apache/incubator-ratis,bc9d7615d8ffa30e79a36b9fd1950af38f0f6a49,ratis-hadoop,org.apache.ratis.hadooprpc.TestRetryCacheWithHadoopRpc.testBasicRetry,OD
incubator-ratis,https://github.com/apache/incubator-ratis,bc9d7615d8ffa30e79a36b9fd1950af38f0f6a49,ratis-hadoop,org.apache.ratis.hadooprpc.TestRaftExceptionWithHadoopRpc.testHandleNotLeaderException,OD
incubator-ratis,https://github.com/apache/incubator-ratis,bc9d7615d8ffa30e79a36b9fd1950af38f0f6a49,ratis-hadoop,org.apache.ratis.hadooprpc.TestLeaderElectionWithHadoopRpc.testChangeLeader,OD
incubator-ratis,https://github.com/apache/incubator-ratis,bc9d7615d8ffa30e79a36b9fd1950af38f0f6a49,ratis-hadoop,org.apache.ratis.hadooprpc.TestRaftReconfigurationWithHadoopRpc.testBootstrapReconfWithSingleNodeAddTwo,OD
incubator-ratis,https://github.com/apache/incubator-ratis,bc9d7615d8ffa30e79a36b9fd1950af38f0f6a49,ratis-hadoop,org.apache.ratis.hadooprpc.TestRaftReconfigurationWithHadoopRpc.testNoChangeRequest,OD
incubator-ratis,https://github.com/apache/incubator-ratis,bc9d7615d8ffa30e79a36b9fd1950af38f0f6a49,ratis-hadoop,org.apache.ratis.hadooprpc.TestRaftWithHadoopRpc.testBasicAppendEntriesKillLeader,OD
incubator-ratis,https://github.com/apache/incubator-ratis,bc9d7615d8ffa30e79a36b9fd1950af38f0f6a49,ratis-hadoop,org.apache.ratis.hadooprpc.TestRaftReconfigurationWithHadoopRpc.testBootstrapReconfWithSingleNodeAddOne,OD
incubator-ratis,https://github.com/apache/incubator-ratis,bc9d7615d8ffa30e79a36b9fd1950af38f0f6a49,ratis-hadoop,org.apache.ratis.hadooprpc.TestRaftReconfigurationWithHadoopRpc.testReconfTwice,OD
incubator-ratis,https://github.com/apache/incubator-ratis,bc9d7615d8ffa30e79a36b9fd1950af38f0f6a49,ratis-hadoop,org.apache.ratis.hadooprpc.TestRaftReconfigurationWithHadoopRpc.testBootstrapReconf,OD
incubator-ratis,https://github.com/apache/incubator-ratis,bc9d7615d8ffa30e79a36b9fd1950af38f0f6a49,ratis-hadoop,org.apache.ratis.hadooprpc.TestRaftWithHadoopRpc.testBasicAppendEntries,OD
incubator-ratis,https://github.com/apache/incubator-ratis,bc9d7615d8ffa30e79a36b9fd1950af38f0f6a49,ratis-hadoop,org.apache.ratis.hadooprpc.TestRaftWithHadoopRpc.testWithLoad,OD
incubator-ratis,https://github.com/apache/incubator-ratis,bc9d7615d8ffa30e79a36b9fd1950af38f0f6a49,ratis-hadoop,org.apache.ratis.hadooprpc.TestRaftReconfigurationWithHadoopRpc.testLeaderNotReadyException,OD
javaparser,,f9893b765d49c43b2f0d0a1748ec38fcc36bc366,javaparser-core-testing-bdd,com.github.javaparser.VisitorTest.run,OD
javaparser,,f9893b765d49c43b2f0d0a1748ec38fcc36bc366,javaparser-core-testing-bdd,com.github.javaparser.PrettyPrintingTest.run,OD